Id,Target
20568,0
17686,1
13035,0
22646,0
5535,0
5883,0
10137,0
27598,0
18365,0
21232,0
5304,0
27035,0
2641,0
19905,0
15713,0
2221,0
16558,0
22866,0
11621,1
24835,0
13423,0
19697,1
7884,0
26941,0
14171,0
20664,1
17678,0
8900,0
16635,0
13684,1
12248,0
25130,1
21638,1
24196,0
9636,0
6620,0
4546,0
4211,0
21339,0
14804,0
26880,0
20493,0
7317,1
22183,0
10605,0
7030,0
23515,0
14580,0
17639,0
2724,0
20930,0
13044,0
10656,0
24903,0
15058,0
26065,0
17561,0
23210,0
15666,0
26663,0
22061,1
11636,0
26620,0
17333,0
17599,0
6529,0
15736,0
705,0
15405,0
9061,0
10804,0
22833,0
20676,0
3580,0
9482,0
16217,0
23949,0
27059,0
15056,1
5211,0
23842,0
8300,0
21015,0
9315,0
2508,1
22831,0
6188,0
10272,0
26993,0
22586,0
27019,0
15272,0
17585,0
10869,0
23473,0
21044,0
13014,0
9103,1
14433,0
16461,0
15388,0
9421,0
6319,0
10090,0
17269,0
2918,0
17754,0
10709,0
10408,0
3473,0
21667,0
17866,0
24255,0
23807,0
8251,0
6916,0
16306,0
5284,0
23756,0
13063,1
11449,1
22089,0
11125,0
21215,0
2754,1
17066,0
15436,0
15377,0
23331,0
6725,0
6145,0
12353,0
15584,1
4101,0
26322,0
21747,0
15381,0
10256,0
12240,0
17982,0
15556,0
18254,1
17656,0
11822,0
5117,1
19974,0
3757,0
18835,0
5678,0
13561,0
22661,0
7085,1
26903,0
27346,0
15428,0
12717,0
25437,0
24247,0
23246,0
22792,0
15024,0
10971,0
13725,0
17662,0
24064,0
18200,0
9469,0
26235,0
19321,0
18010,0
12917,0
16298,0
843,1
13988,0
6234,0
27349,0
17344,0
12845,0
15356,0
20895,0
5391,0
12382,0
8178,0
2464,0
13314,0
3820,0
9626,0
11624,0
22184,0
3268,0
18754,0
6287,0
22767,0
23666,0
24144,0
16628,0
22938,0
15631,0
7293,0
5673,0
12440,0
16134,0
7201,0
12825,0
27159,1
26062,0
1103,0
18779,0
5225,0
7445,0
852,0
9539,0
7578,0
1555,0
22352,0
11206,0
10186,0
22970,0
8742,0
26852,0
8937,0
8726,0
10212,0
19042,0
11682,0
22881,0
18353,0
12699,0
13638,0
19973,0
14720,0
3673,0
7212,0
428,0
16144,0
26527,0
7786,0
14442,0
20198,0
7474,0
5880,0
19612,0
20813,0
14476,0
19421,0
8483,0
5570,0
273,0
10397,0
25886,0
15739,0
10779,0
2726,0
24547,0
7640,0
26603,0
8489,0
21138,0
24311,1
24499,0
27489,0
18623,0
26840,0
19535,0
14134,0
7515,0
505,0
3410,0
14302,0
18421,0
15852,0
16734,0
22826,0
11361,0
3169,0
22186,0
15915,0
23817,0
10091,0
19213,0
3971,0
25646,0
26800,0
22086,0
1758,0
13818,1
15509,0
16588,0
24998,0
19401,0
1288,0
3525,0
7255,0
15741,1
5705,0
16550,0
23519,0
23204,0
20782,0
26079,0
22835,0
3885,0
7752,0
12514,0
312,0
5937,0
26611,0
6835,1
22478,0
27640,0
13000,0
2383,0
4160,0
24408,0
16271,1
11521,0
17870,0
1190,0
10365,0
16319,0
11398,0
5528,0
21021,0
11266,0
22011,0
6950,0
11827,0
9565,0
12268,0
21901,1
12083,0
6939,0
23243,0
16637,0
12554,0
17822,0
6,1
11762,0
9598,0
16912,0
99,0
27058,0
24379,1
24295,0
10235,0
15766,0
24539,0
24927,0
17407,0
5383,0
25843,0
5925,0
18258,1
516,0
8223,0
12745,0
18242,0
6151,0
14535,0
5841,0
18426,0
19148,0
18185,0
4391,0
10087,0
1901,0
25958,0
3383,0
27389,0
26167,0
16047,0
21058,0
24563,1
5221,0
22755,0
11482,0
626,0
10610,0
21531,0
6325,0
10311,0
15241,0
14143,0
18078,0
4771,0
5780,0
27287,0
7600,0
24550,0
3455,0
20593,0
4469,0
13590,0
24480,0
20608,0
10802,0
13758,0
6011,0
14008,1
17464,0
26724,0
26799,0
23216,0
26563,0
17110,0
26931,0
22706,0
2647,0
17610,0
21256,0
9659,0
9502,0
23432,0
25511,0
9920,0
4461,0
10021,0
8757,0
14550,0
3662,0
13287,0
11674,0
3230,0
11276,0
26135,0
5847,0
16738,0
1441,0
12282,1
26313,0
12806,0
10477,0
17410,0
11124,0
18992,0
1444,1
15044,0
3053,0
20899,0
6508,0
19609,0
25656,0
15943,0
10318,0
26645,0
23021,0
16180,0
19081,0
20222,0
14526,0
17321,0
25415,0
13205,0
14897,1
12983,0
16933,1
6069,0
397,0
12645,0
10347,0
13943,0
27766,0
22850,0
17384,0
4203,0
5144,0
17557,0
13174,1
25479,0
8407,0
26252,0
17489,0
26999,0
9620,0
24878,0
20272,0
4393,0
26686,0
24568,0
24749,0
8255,0
8867,0
12154,0
8528,0
24651,0
21202,0
7505,0
2982,1
23057,1
5437,0
21152,0
11909,0
1122,0
24923,0
21301,0
5460,0
2851,0
22813,0
23062,0
6072,0
9872,0
18806,0
24888,0
19985,0
19677,1
18602,0
23068,0
7516,0
24019,0
20321,0
3660,0
12341,0
3474,0
17693,0
24732,0
4745,0
4580,0
6419,0
15809,0
3694,0
15606,0
23987,0
26307,0
27334,0
7339,0
15252,1
21052,0
25683,0
23682,0
13609,0
12727,0
274,0
4484,0
3096,0
3725,0
4985,0
17538,0
18715,0
16050,1
26875,0
4605,0
18958,0
4372,0
19419,0
16820,0
733,0
2949,0
22273,0
15757,0
21738,0
13848,0
19048,0
10904,0
10333,0
4404,0
25633,0
26758,0
12923,1
27217,0
3635,0
5508,0
4702,0
17759,0
7499,0
9375,0
17328,0
19130,0
27742,0
10820,0
1087,0
26111,0
15480,0
22367,1
1668,0
6802,0
17654,0
4684,0
12188,0
2507,0
573,0
23730,1
20362,0
8375,0
10781,0
4450,1
1815,0
26179,0
3735,0
18403,0
22560,0
8936,0
7117,0
22803,1
7428,0
250,0
4900,0
22319,0
19849,0
23670,0
24939,0
20211,0
26428,0
17547,0
11374,0
14438,0
866,0
22143,0
21055,0
6427,1
1406,1
16439,0
6241,0
11259,0
9464,0
4416,0
25217,0
11973,0
3263,0
3193,1
15280,0
24963,0
27461,0
7024,0
11985,0
7477,0
12053,0
24369,0
2588,0
3901,0
6127,0
17829,0
12967,0
14003,0
6165,0
27493,0
24317,0
13102,0
19690,0
12854,0
4903,0
20366,0
18370,0
905,0
3916,1
12831,0
25075,0
9068,0
18896,1
18611,0
2932,0
9442,0
21728,0
24576,0
20165,0
19141,0
196,0
5115,0
5671,1
27130,0
3503,0
21773,0
9405,0
9328,0
11566,0
12279,0
18871,0
18559,0
351,0
22030,0
1512,0
13784,0
5908,0
27701,0
12385,0
1804,0
22275,0
6904,0
14942,0
18129,0
27557,0
15059,0
21824,0
14399,0
21888,0
14255,0
10354,0
15276,0
26055,0
550,0
20716,0
6049,0
6198,0
16686,0
3993,0
14487,0
19718,0
8941,0
25033,0
27156,1
26834,0
23182,0
17941,0
121,0
11406,0
25293,0
5657,0
8908,0
3601,0
7974,1
3979,0
9962,0
2532,0
18962,1
2111,1
6281,0
16258,0
5365,0
2055,0
23558,0
6014,1
15117,0
11453,0
9051,0
1972,0
19885,0
5708,0
13160,0
26397,0
1921,0
14938,0
11123,0
14808,1
21679,0
2595,0
4043,0
579,0
22710,0
23381,0
17820,0
52,0
26664,0
13172,0
3210,0
23406,0
22513,0
1710,0
24386,0
8393,0
22181,0
18212,0
1923,0
25040,0
19245,0
2884,0
15243,0
8278,0
22170,0
9683,0
17405,1
18535,0
6494,0
10392,0
19795,0
9453,0
9575,0
19570,0
22026,0
22894,0
22237,0
24950,0
16893,0
4569,0
11037,0
14979,0
12981,0
26725,0
1109,0
3964,0
23468,1
22820,1
10443,0
3608,0
3548,0
5742,0
5388,0
21560,0
14810,0
11318,0
6237,0
20885,0
8030,1
23315,0
3876,0
15315,0
17151,0
16563,0
11414,0
12550,0
22609,0
13194,1
8192,0
4384,0
24798,0
1427,1
401,0
6868,0
24660,0
26158,0
15344,0
19794,0
15963,0
18687,0
18150,0
24985,0
25630,0
10342,1
8696,0
16031,0
19060,0
17592,0
11724,0
24733,0
15692,0
17534,0
22374,0
16139,0
10175,0
24711,0
26331,0
4884,0
22333,0
6720,1
10324,0
17226,0
19698,0
5138,0
23871,0
12119,0
10463,0
23414,1
2141,0
1959,0
3707,0
22033,0
4463,0
18728,0
27474,0
26225,0
15287,0
462,0
8151,0
278,0
21653,0
20723,0
23305,0
14578,0
323,0
27602,0
20429,0
27375,0
13038,0
21278,0
4296,0
15758,0
4519,0
23487,0
5453,0
24271,0
12332,0
18571,0
21206,0
5762,1
23531,0
18819,0
5572,1
16889,0
2275,0
20328,0
10154,0
10013,0
7568,0
3189,0
19067,0
10094,0
7174,0
2901,0
7231,0
25572,0
5513,0
12137,0
21835,0
17716,0
14190,0
21958,1
22278,1
11843,0
10872,0
10263,0
11988,0
16490,0
13883,0
19845,0
4413,0
2119,0
24129,0
3229,0
23005,0
1660,0
4867,0
8615,0
7542,0
8324,0
15411,1
13250,0
11333,0
15144,0
24663,0
5683,0
17550,0
2240,0
8777,0
9240,0
19291,1
5853,0
5218,0
19358,0
25638,0
17701,0
10353,0
2408,0
15956,0
3589,0
11817,0
26166,0
11305,0
18364,0
22104,0
2393,0
7447,0
5826,0
21731,0
1947,0
10814,0
2904,0
3398,0
2316,0
27178,0
1388,0
24678,0
775,0
2153,1
5545,0
18209,0
25161,0
19351,0
21397,0
26564,0
7451,0
2714,0
20319,0
16196,0
21806,1
8101,0
46,0
16203,0
20943,0
9932,0
15720,0
23037,0
7563,0
26276,0
5610,0
9350,1
25288,0
8274,0
3308,0
19647,0
19186,0
1489,0
13857,0
13624,0
14542,0
17355,0
14987,0
10812,0
25142,0
22594,1
2208,0
20967,0
9329,1
23238,0
18979,0
24377,0
22951,0
20637,0
13822,0
9165,0
16497,0
20130,0
7395,0
12539,0
20027,0
5627,0
6879,0
23041,0
5047,0
25166,0
14222,0
2136,0
9622,0
13144,0
25340,0
345,0
8450,0
12463,0
8834,0
10217,0
18325,0
26385,0
2694,0
9248,0
15204,0
20816,0
27434,0
25044,0
5405,0
2259,0
24926,0
15263,0
21722,0
20230,0
12937,0
23474,0
20274,0
27114,0
6173,0
23604,0
2496,0
26029,0
4793,0
26608,0
6440,0
22729,0
10608,0
14313,0
14101,0
12291,0
25022,0
24124,0
11264,0
20957,1
14216,0
10228,0
15923,0
13559,0
17907,0
17605,0
24675,0
3382,0
2813,0
25465,1
7558,0
2805,0
8341,0
17179,0
19249,0
4672,0
23149,0
15331,0
5219,1
13573,0
16697,0
15691,0
19372,0
18308,0
24380,0
20268,0
9934,0
34,0
23436,0
27214,0
16777,0
24624,0
261,0
11764,0
19980,0
18867,0
15729,0
3711,0
13536,0
6576,0
18695,0
19214,0
19442,0
5493,0
14305,0
7739,0
17979,0
15776,0
12758,0
7606,0
23137,0
7755,0
10476,1
12030,0
5844,0
8492,0
6580,0
22137,0
9952,0
10783,0
6760,1
9779,0
8246,0
2388,0
474,0
6863,0
27327,0
26583,0
9564,0
5472,0
26125,0
6280,0
10465,0
19499,0
2718,0
15904,0
18901,0
12417,0
11255,0
20160,0
26694,1
15767,0
8845,0
4110,0
13099,1
10144,0
22236,0
17684,0
22915,0
2201,1
27222,0
14876,1
21045,0
22079,0
17113,0
15805,0
9975,0
8225,0
24294,0
11585,0
21996,0
23124,0
20291,0
8213,0
13524,0
9434,0
3579,0
24960,0
23401,0
14293,0
21209,0
26027,0
14494,0
20983,0
19549,0
18151,0
7698,0
11846,0
16188,0
7751,0
5516,0
17495,0
873,0
6108,0
21611,0
1588,0
5354,0
6770,0
12776,0
19219,0
27429,0
4093,0
11666,0
21734,0
1448,0
20246,0
3286,0
1182,0
1227,0
10261,0
4814,0
12865,0
26436,0
26182,0
23274,0
12815,0
2250,1
6682,0
12017,0
5312,0
25768,0
21584,1
21832,0
16656,0
8139,0
2140,0
17954,0
19671,0
4128,0
980,0
6434,0
536,0
23119,0
25345,0
20555,0
2142,0
25443,0
23350,0
16253,1
18264,0
13788,0
22220,0
20778,0
2561,0
1598,0
9202,0
8010,0
25692,0
12573,0
27577,0
20639,0
24210,0
15495,0
21001,0
15009,0
17402,1
16324,0
20793,0
25621,0
6137,0
8647,0
13300,0
7178,0
27331,0
13676,0
26077,0
18758,0
21434,0
15421,0
25701,0
24922,0
20408,0
491,1
25922,0
2286,0
10688,0
4579,0
26530,0
26091,0
14416,0
14417,0
14582,0
26447,0
16763,0
880,0
26846,0
26856,0
9201,0
8729,0
19070,0
23600,0
14053,1
10328,1
17099,0
26678,0
1450,1
21087,0
15505,0
423,0
12813,0
16541,0
19168,0
14023,0
8517,0
16076,0
10951,0
18961,0
13394,0
20407,0
4084,0
3643,0
25699,0
9558,0
17268,0
8634,0
657,0
19685,0
26651,0
5107,0
13008,0
5711,0
8761,0
16404,0
5325,0
3813,0
4950,0
11337,0
26424,0
1366,0
12133,0
21697,0
2819,0
6815,0
12519,0
27508,0
6258,0
4596,0
27795,0
17852,0
10206,0
17052,0
14071,0
1837,0
14155,0
14058,0
25321,0
3077,0
1937,0
14180,0
21444,0
20727,0
14685,0
10714,0
9851,0
27609,0
22876,0
16423,0
8466,0
8161,0
4419,0
25099,0
17595,0
16265,0
16247,0
18190,0
7198,0
24595,0
18239,0
19270,0
21151,0
25613,0
8057,0
14360,0
6187,0
11086,0
15482,0
7937,0
26210,0
17904,0
485,0
20613,0
22870,0
10790,0
1278,0
8144,0
14960,0
24153,0
13442,0
21624,0
25749,0
21681,0
5393,0
3706,0
18288,0
3482,1
25998,0
4981,0
24947,0
25017,0
3064,0
22771,0
21126,0
13740,0
20356,0
2171,0
12617,0
26882,1
24625,0
18726,0
10513,0
14316,0
6087,0
6377,1
17408,0
7325,0
26265,0
25997,1
18797,0
17441,0
5343,0
26347,0
13744,0
3184,0
2362,0
7729,0
15403,0
3045,0
291,0
1266,0
19038,0
13259,0
14999,0
21460,0
26193,0
10826,0
22446,0
12111,0
243,1
27289,0
18789,0
12113,0
4688,0
15062,0
9334,0
24961,0
14833,0
18214,0
12261,0
12246,1
11532,0
3027,0
24627,0
17990,0
19142,1
10819,0
19062,0
16904,1
25241,0
14829,0
15180,0
3547,0
26016,0
4345,1
8317,0
4602,0
18964,0
19119,0
26308,1
13915,0
14108,0
3578,0
10157,0
20682,0
16837,0
501,0
6362,0
23187,0
9443,0
3394,0
10594,0
21210,0
2744,0
674,0
10198,0
10368,0
20758,0
19510,0
18757,1
17121,0
9299,0
1453,0
24274,0
21302,1
9407,0
23138,0
6417,0
9129,0
4785,0
13185,0
640,0
21219,0
23072,1
22937,0
27223,0
6803,1
18854,0
953,0
341,0
10855,0
23866,0
21745,0
7759,0
24672,0
26930,0
26947,0
21805,0
26542,0
7427,0
25719,0
6706,0
15477,0
1684,0
8193,0
11044,0
16148,0
5598,0
1202,0
4119,0
9209,0
11012,0
19934,0
8403,1
26278,1
4202,0
8137,0
1322,0
12520,0
8840,0
1246,0
21720,0
18038,0
26018,0
9891,0
7969,0
5214,0
2497,0
6741,0
24715,0
1791,0
10654,0
4336,0
13958,0
27147,0
11215,0
927,0
5963,0
1475,0
17977,0
20481,1
26998,0
11187,0
23645,0
15709,0
23589,0
8618,0
11568,0
26699,0
8211,0
16606,1
17315,0
11194,0
8616,1
2325,0
15824,0
4322,0
2157,0
19511,0
4774,1
10941,1
9520,0
26749,0
23900,0
4405,0
21319,0
3441,0
21910,0
11153,0
512,0
14326,0
4449,0
10586,0
23373,0
6134,0
14723,0
1456,0
16111,0
8639,0
8184,0
21022,0
22975,0
5035,0
25620,0
4068,0
15752,0
16629,0
10300,0
13626,0
18126,0
24937,0
12587,0
22980,0
8828,0
890,1
9427,0
2772,0
20964,0
10572,0
13053,0
3498,0
8047,0
19498,0
25913,0
26917,0
23734,0
15071,0
13754,1
25761,0
25950,0
7420,0
17703,0
230,0
13713,0
3710,0
1053,0
4254,0
17399,0
5816,0
13432,0
21093,0
21420,0
1968,1
14975,0
5098,0
20859,0
8132,0
2168,0
25589,0
2767,1
27482,0
2752,0
3753,0
19722,0
7388,0
13576,0
17428,0
16810,0
17933,0
10657,0
18704,0
199,0
23507,0
21866,0
25574,0
18085,0
26287,0
1336,0
26731,0
9585,0
20368,0
3256,0
1470,0
13610,0
22087,0
2730,1
9946,0
22470,0
26344,0
4181,0
18145,0
1642,0
9022,0
13108,0
20476,0
10882,0
12227,0
22555,0
6438,0
9459,0
19150,0
22519,0
7585,0
26294,0
4343,0
11071,0
14557,0
21615,0
16486,0
9322,0
1215,0
17545,0
5222,0
17930,0
19336,0
24689,0
18056,0
10329,0
21589,0
7220,1
11611,0
12756,0
10917,0
3798,0
6271,0
14694,0
18717,0
27166,1
14240,0
14920,0
2583,1
19486,0
14513,0
10125,0
3978,0
13914,0
3222,0
16041,0
7840,0
26249,0
26777,1
26942,0
15211,0
8807,0
21235,0
9006,0
8870,0
20121,0
12396,0
15105,1
21334,0
19178,0
20694,0
4715,0
13165,0
5554,0
10424,0
16823,0
24219,0
936,0
1412,0
5220,0
14844,0
13235,0
13881,0
752,1
8332,0
7955,0
5474,0
22806,0
21032,0
11866,0
15483,0
4125,0
10459,0
6561,0
21401,0
26477,0
16291,0
11031,0
8037,0
20732,0
15215,0
13909,0
12034,0
5379,0
18123,0
12193,0
12255,1
1569,0
19987,0
25599,0
96,0
20935,0
22747,0
8513,0
14884,0
25956,0
26217,0
20038,0
17578,0
13134,0
9889,0
5998,0
21309,0
23220,0
11904,0
18317,0
25253,1
15027,0
9132,0
19077,0
16263,0
13523,0
8815,0
21844,0
5252,0
11715,0
27575,0
11627,0
8394,0
1045,0
10098,0
11537,0
11107,0
22388,0
14681,0
13244,0
4739,0
24444,1
19822,0
5317,0
19589,0
16649,0
7241,0
21635,0
2622,0
19376,0
6169,0
21341,0
16042,0
6925,0
23571,0
21359,0
8188,0
3047,0
11852,0
22151,0
15818,0
1610,0
11073,1
3050,0
10861,0
22955,0
18332,0
3507,0
5601,0
13162,0
2277,0
14136,0
26706,0
4341,0
8544,0
8082,0
14974,0
27198,0
7808,0
8457,0
8886,1
20537,0
943,0
18878,0
23442,0
4168,0
5053,0
22310,0
22274,0
13084,0
8023,0
27549,0
12085,0
1503,0
12064,0
26113,0
8270,0
7628,0
16008,0
12701,0
25970,0
15418,0
21913,0
8410,0
17805,0
3451,0
23858,0
2346,1
4740,0
19962,0
23542,0
11644,0
16231,1
20805,0
10612,0
5345,0
22584,0
16245,0
22525,0
6830,0
2980,0
9571,0
16147,0
17895,0
17105,0
4659,0
24520,0
22527,0
25494,0
8482,0
7811,0
24462,0
1113,0
35,0
1730,0
22158,0
5382,0
21617,0
1433,0
1471,0
24486,0
22811,0
18192,0
8999,0
17657,1
2974,0
13227,0
9276,0
1422,0
10075,0
2129,0
7063,0
17465,0
14491,0
24821,0
9898,1
12266,0
6418,0
3840,0
19972,0
10628,0
2533,0
17790,0
15911,0
1635,0
5043,1
13166,0
3585,0
5802,0
16976,0
3639,0
20807,0
16852,0
16176,0
2541,0
20998,0
15131,0
5006,0
11783,0
8390,0
382,0
19859,1
23755,0
12491,1
4085,0
15239,0
14187,0
24919,0
6896,0
18430,0
21914,0
24204,0
22603,0
15244,0
18600,0
9544,0
5746,0
24434,0
22642,0
25930,0
7602,0
17906,0
26750,0
13061,0
1483,0
11257,0
1457,1
19828,0
26087,0
24979,0
6712,0
4206,0
7842,0
12364,0
10700,0
19263,0
6352,0
7416,0
6902,0
7936,0
12918,0
8069,0
22930,0
10244,0
7656,0
14304,0
25426,0
2579,0
14284,0
25485,0
23251,0
24338,0
19273,0
16985,0
18507,0
27777,0
8862,0
7792,0
5843,0
4194,0
14675,0
5114,0
13906,0
12933,0
17730,0
16564,0
18807,1
25330,0
23791,0
22799,0
8377,1
13371,0
2858,0
26837,0
1661,0
20380,0
26379,0
2958,0
17645,0
25227,0
16936,0
19135,0
1889,0
15723,0
8617,0
7152,0
13206,0
21127,0
25979,0
20210,0
2898,1
25822,0
13555,0
24637,1
16190,0
8304,0
911,0
15145,0
27749,0
971,0
25187,0
10650,0
11604,1
25066,0
24106,0
24488,0
10241,0
24404,0
7132,0
6604,0
8993,0
17491,0
5403,0
7964,1
1666,0
21715,0
7107,0
10880,0
20242,0
17284,0
993,0
22514,0
10124,0
9559,0
13381,0
20343,0
7335,0
23096,0
21712,0
7733,0
24859,0
14797,0
4273,0
6253,1
20730,0
21399,0
24902,0
24289,0
15107,0
17704,1
17873,0
15662,0
3197,0
15292,0
736,0
22032,0
22240,0
283,0
5226,0
24771,1
3874,0
4952,0
21073,0
8247,0
9380,0
24123,0
18359,0
13594,0
4347,0
8688,0
6595,0
10104,0
8358,1
15769,0
16102,0
1805,0
20091,0
10468,0
13707,0
14280,0
13974,0
19654,0
16085,0
16700,0
2084,0
25875,0
6250,0
13978,1
12308,0
22366,0
16315,0
19605,0
3402,0
3834,0
16222,1
15677,0
21207,1
10818,0
22406,0
3492,1
19946,0
9629,0
21009,0
4408,0
9736,0
24093,0
6887,0
16316,1
6138,0
21294,0
8672,0
16533,0
27090,0
27715,0
7113,0
3829,0
6769,0
8299,0
9084,0
22179,0
9904,1
19631,0
25503,0
21358,0
27230,0
3318,0
21370,0
21846,0
21860,0
14919,0
2281,0
6052,0
9433,0
2907,0
26626,0
2943,0
21885,0
18614,0
22753,0
959,0
6462,0
5975,0
11472,0
18899,0
24331,0
19871,1
11466,0
6067,0
12715,0
19104,0
14965,0
21631,0
13316,0
8197,0
5436,0
19837,0
19938,0
4285,0
8500,0
8979,0
15333,0
14137,0
1175,0
6379,0
10035,0
7753,0
26912,0
12613,0
26201,0
16166,0
12814,0
23686,0
10001,0
25024,0
20090,0
21652,0
19189,0
147,0
27081,0
6619,0
4104,0
12147,1
14160,0
13962,0
7713,1
10495,0
16808,0
13522,0
18769,0
7405,0
16427,0
20850,0
3350,0
2760,0
9812,1
26923,0
22150,1
24787,0
11146,0
27141,0
13512,0
20901,0
23126,0
3745,0
24609,0
7095,0
20302,1
26585,0
23741,0
7486,0
996,0
27643,0
5503,0
25800,0
26768,0
9194,0
6745,0
25608,0
7748,1
15281,0
14711,0
7268,0
11040,0
15947,0
11500,0
11243,0
10497,0
896,0
16155,0
14815,1
22445,0
6433,0
5048,0
19287,0
10054,0
26488,0
10229,0
23301,0
18169,0
13346,0
1818,0
24222,0
13373,0
5910,0
19682,0
8265,0
8494,0
6550,0
17056,0
14504,0
20809,0
4744,0
13154,1
15022,0
26956,0
22000,0
16283,0
24351,0
25268,0
26732,0
8374,0
4106,1
21854,0
538,1
23557,0
23026,0
24465,0
15330,0
10809,1
16104,0
13982,0
1323,0
26515,0
23145,0
13352,0
17581,0
24748,0
16303,0
23259,0
27680,0
10385,0
4293,0
7821,0
25078,0
9112,0
27320,0
20949,0
13369,0
8460,0
15440,0
23477,0
11872,0
24170,0
19153,1
13150,0
5290,0
18828,0
10455,0
22949,0
11386,0
2342,0
22028,0
8704,0
16213,0
10224,0
25468,0
5332,0
6334,0
26290,0
23438,1
25177,0
4080,0
20529,0
10152,0
15759,0
11011,0
10226,0
6699,0
3160,0
26088,0
23996,0
16813,0
1530,0
14898,0
14619,0
24146,0
10676,0
17942,0
13735,0
11026,0
1962,0
21517,0
24113,0
7858,0
24987,0
7885,0
12461,0
19039,0
18920,0
6648,0
18851,0
22828,0
7260,0
17034,0
18615,0
21255,0
9684,0
16119,0
16040,0
2602,0
7071,0
24706,1
26805,0
26165,0
18886,0
13941,0
1347,0
21198,0
11192,0
1834,0
22660,0
5384,0
26248,0
5511,0
20796,0
6978,0
11913,0
9574,0
10438,0
27092,0
10277,0
10023,0
26358,0
11352,0
12400,0
17445,0
26815,0
3488,0
150,0
8739,0
19981,0
23936,0
4990,0
27168,0
23192,0
1690,0
13661,0
22834,0
18788,0
10341,0
18448,0
5032,0
25186,0
23281,0
15939,0
12416,0
19818,0
8008,0
19833,0
11282,0
25399,1
17817,0
11010,0
25671,0
26253,1
2476,0
20675,0
14826,0
26134,0
17702,0
12675,0
22092,0
17554,0
18967,0
27447,0
23033,0
27193,0
13375,0
27707,0
22393,1
16828,0
11752,0
24385,0
21813,0
26674,0
11592,0
6245,0
24647,1
25730,0
1915,0
8025,0
7007,0
1664,0
7090,0
22536,0
15413,0
2266,0
8229,0
20482,0
6757,0
17613,0
12176,0
26262,0
12220,0
8206,0
16785,0
11679,0
18005,0
21143,0
6492,0
21705,0
4037,0
6836,0
2960,0
15492,0
1603,0
15303,0
4480,0
2214,0
22489,0
3752,0
8351,0
22605,0
10834,0
18876,0
15971,0
21291,0
15506,0
16430,0
6032,0
19184,0
9594,0
26035,0
6890,0
24542,0
13151,0
10563,0
23951,0
22266,0
17957,0
7828,0
22929,0
8891,0
21287,0
16327,0
2540,0
17271,0
24341,0
5727,0
12408,0
5635,0
12579,0
18006,0
1133,1
12804,0
22085,0
3858,0
3396,0
19969,0
2300,0
10690,1
19820,0
18206,0
2004,0
17240,0
9441,0
11134,0
24781,0
17891,0
17277,0
2501,0
8575,0
12896,1
1729,0
8846,0
1981,1
11677,0
26128,0
7251,0
24429,0
6708,0
27561,0
167,0
26552,0
9515,0
6913,0
3272,0
18780,0
11270,0
1644,0
5771,0
16088,0
2414,0
25936,0
14078,0
3316,0
21464,1
27194,0
22189,0
16948,0
14543,0
3949,0
11887,1
23640,0
6826,0
247,0
20760,0
11032,0
24085,0
26229,0
16292,0
5478,0
487,0
13674,0
24681,0
18307,0
20290,0
22172,0
9251,0
2664,0
3023,0
8648,0
26063,0
6965,0
18124,0
25903,0
11004,0
11378,0
7573,0
25451,0
13073,0
12250,0
1114,0
4047,0
8373,0
24812,0
9363,0
19217,0
7172,0
9655,0
4540,0
3592,0
450,0
14400,0
25361,0
20505,0
1662,0
4689,0
26304,0
11304,0
11060,0
26630,0
17133,0
18766,0
18834,0
8570,0
15667,0
26440,0
26450,1
20317,0
13218,0
11506,0
3792,0
23036,0
12893,0
25036,0
10987,0
12354,0
10037,0
16477,0
26965,0
3799,0
8918,0
15148,0
16596,1
16318,0
315,0
5731,0
15336,0
26209,0
5953,0
6392,0
20471,0
12778,0
23455,0
17877,0
3172,0
14503,0
280,0
13217,0
20972,0
5532,0
17537,1
20564,0
1414,0
16822,0
6918,0
624,0
4229,0
17386,0
11769,0
24954,0
18776,0
10624,0
11897,0
2797,0
6946,0
21693,0
1086,0
9059,0
16064,0
26995,0
10579,0
13845,0
7503,0
26498,0
14227,0
19339,0
14637,0
4252,1
14018,0
16325,0
8980,0
13018,0
5102,0
9426,1
14099,0
16024,0
8279,0
2145,0
23022,0
738,1
19939,0
10557,0
5640,0
20873,0
4667,0
1056,0
10827,0
8856,0
20140,0
1311,0
4015,0
25121,0
17767,0
5697,0
10092,0
5804,0
10930,0
8370,0
20126,0
14507,0
23593,0
22653,0
15045,0
27179,0
7484,0
5576,0
19327,0
10898,0
20907,0
10560,0
27677,0
10061,0
27226,0
8282,0
601,0
23543,0
26841,0
5100,0
26289,0
14441,0
409,0
15837,0
19196,0
3946,0
3282,0
22084,0
21917,0
3537,0
10434,0
27338,1
2213,1
10843,0
8029,0
11409,0
7949,0
6885,0
6717,0
11201,0
13202,0
6400,0
7525,1
8238,0
16273,0
3778,0
25737,0
24320,0
380,0
13447,0
5784,0
13955,0
24028,0
14335,0
1822,0
22968,0
24060,0
22049,0
26898,0
12628,0
19603,0
2152,0
20750,0
3697,0
330,0
607,0
7948,0
8241,0
14395,0
27242,0
14655,0
9192,0
26757,0
14118,0
10305,0
11403,0
25372,0
14647,0
11581,0
15673,0
17161,0
5306,0
10356,0
12754,0
21583,0
10947,0
6289,0
18379,0
5687,0
18486,0
12358,1
15868,0
24645,0
17854,0
20837,0
5128,0
25236,0
22242,0
3108,0
23511,0
4707,0
14014,0
13709,0
17655,1
7576,0
11681,0
17201,0
9648,1
22100,1
8797,0
22016,0
16718,0
9755,0
231,0
6300,0
14464,0
5081,0
8880,0
23440,0
7500,0
27410,0
7439,0
11287,0
23973,1
23890,0
5505,0
75,0
12157,1
25846,0
26030,0
1108,0
2209,0
5940,0
11089,0
11570,0
715,0
748,0
26906,0
25169,0
8857,0
9423,0
8574,0
13416,0
2227,0
14006,0
19061,1
7794,0
2359,0
1599,0
25622,0
15249,1
476,0
22095,0
13321,0
8164,0
16345,1
24772,0
259,0
25901,0
23065,0
10260,0
6404,0
3986,0
18049,0
14149,0
27723,0
10883,0
2764,0
14463,0
15040,0
26824,0
25294,0
26390,0
27538,0
22286,0
2701,0
2585,0
4036,0
1147,0
346,0
4817,0
18713,0
16126,0
10146,0
11180,0
16201,0
4871,0
12596,0
16224,0
11606,0
12293,0
9579,0
14133,0
18577,0
1387,0
5549,1
7403,0
23804,0
963,0
18275,0
2619,0
14704,0
6888,0
14517,0
24590,0
7722,1
10761,0
19618,0
13060,0
23344,0
18176,0
20084,0
5466,0
18345,0
20658,0
2617,0
17020,0
9109,0
9402,0
13307,0
17742,0
2222,0
24026,0
14875,1
2762,0
19441,0
11117,0
2740,0
4220,0
1346,0
10718,0
23775,0
24049,0
4097,0
14724,0
11072,0
2117,1
19134,0
12698,0
17980,0
3698,0
20684,0
21786,0
19491,0
25026,0
9072,0
11099,1
14381,0
27235,1
22482,0
4170,0
14956,0
22060,0
4186,0
8882,0
2864,0
17004,0
22076,0
17780,0
27144,0
17466,0
16261,0
14076,0
13078,0
20010,0
12276,1
19300,0
2350,0
27727,0
17670,0
5407,0
27401,0
22027,0
2842,0
16185,1
1118,0
2973,0
24573,0
3780,0
19069,0
4070,0
7839,1
2386,0
7589,0
7760,0
3002,0
23002,0
19656,0
734,0
20004,0
144,0
9845,0
3922,0
13282,0
10448,0
3068,0
2564,0
18497,0
7091,0
4165,0
13079,0
2715,0
17305,0
12633,0
20518,0
17646,0
10741,0
11216,0
7258,0
8608,0
11943,0
3616,1
11299,0
22496,0
23121,0
26692,0
10413,0
2229,0
25910,0
14701,1
8345,0
23918,0
20235,0
9658,0
11770,0
22224,0
25414,0
21462,0
3690,0
1580,0
25839,0
1911,0
91,0
1510,0
6214,0
20488,0
8231,0
25724,0
14401,0
24092,1
24721,0
17062,0
9633,0
16329,0
4115,0
24607,0
644,0
19469,0
15652,0
4471,0
22879,0
25703,1
12322,1
22322,0
194,0
17966,0
2830,0
18664,0
17092,0
16145,0
18283,0
18781,0
430,0
24810,0
13651,0
5647,0
756,0
24457,0
9701,0
19146,0
23649,0
27297,0
19940,0
14192,0
4058,0
27044,0
3031,0
17189,0
2874,0
3246,0
3386,0
12035,0
1747,0
6814,0
24482,0
24151,0
1052,1
21814,0
6354,0
19027,0
22493,0
13270,0
21610,0
27576,0
16089,0
24642,0
8203,0
9138,0
6498,0
17973,0
3421,1
18909,0
21068,0
27241,0
25897,1
26245,0
3100,0
18552,0
16739,0
5553,0
11147,0
20016,0
11465,1
21947,0
5982,0
11145,0
23698,0
25857,0
15001,1
16479,0
25520,0
20911,0
27085,0
3000,0
1808,0
17997,0
718,0
27416,1
21742,0
25230,0
21908,0
7731,0
16259,0
5210,0
19160,0
20287,0
18595,0
8692,0
16784,0
24460,0
3776,0
2937,0
5018,0
16954,0
3541,0
4932,0
14739,0
20738,0
11396,0
1434,0
2566,0
26747,0
3594,0
2683,0
19471,0
3581,0
13195,0
11680,0
24671,0
15508,0
8863,0
26470,0
16143,0
8944,0
24342,0
4877,0
24679,0
14981,0
22902,0
14403,1
11617,0
16488,0
22830,0
20495,0
12637,1
26727,0
9541,0
18531,0
21283,0
10376,0
12401,0
6663,0
6657,0
10227,0
5954,0
20578,1
23986,0
12214,0
10042,0
11393,0
7330,0
23046,1
18651,0
7822,1
27221,0
19908,0
22165,0
12407,0
3609,0
4034,0
8873,0
9849,0
11791,0
10948,0
11067,0
17835,0
4845,0
16620,0
4320,0
17872,0
17747,0
19598,0
5564,1
4448,0
25395,0
19478,0
1035,0
14980,0
7780,0
13540,0
6503,0
7732,1
3931,0
17,0
15380,0
20070,0
8248,0
19221,0
11756,0
19533,0
6332,0
22914,0
25764,0
7916,0
2435,0
2592,0
742,0
2308,0
5183,0
2009,0
14418,0
20347,0
16520,0
18887,1
21196,0
1493,0
2008,0
26844,0
7676,0
21375,0
3014,0
4303,0
12821,0
9040,0
4982,0
10480,0
18496,0
6309,0
14131,0
26154,0
9936,0
21110,0
14170,0
14217,0
13198,0
17172,0
15978,0
16113,0
6522,0
19467,0
24208,0
4143,0
2034,0
26033,0
480,0
24381,0
25925,0
1303,1
6934,0
4894,0
27460,0
12528,0
14386,1
11968,0
24754,1
2734,0
11331,0
17177,0
7100,0
5638,0
26782,0
13286,0
25691,0
11558,0
5934,0
21488,0
17757,0
27496,0
2195,1
25245,0
12140,0
7978,0
3265,0
6914,0
19507,0
1290,0
4645,0
23761,0
22896,0
4783,0
24183,0
9922,0
23733,0
10257,0
10249,0
10496,0
10867,0
27380,0
11204,0
9526,0
27722,0
11557,0
26373,0
13188,0
5799,0
396,0
21683,0
10029,0
16833,0
19713,0
3426,0
17045,0
23122,0
24194,0
24599,0
23770,0
5712,0
2848,0
19102,1
26642,0
19952,0
4156,0
25254,0
7536,0
10421,0
19771,0
1595,0
18697,0
4178,0
22726,0
8256,0
21721,0
2516,0
9653,0
15780,0
21214,0
21513,0
12736,0
16332,0
24419,0
22411,0
27435,0
5485,0
9480,0
27069,0
3703,0
5875,0
21733,0
12088,0
4375,0
16451,0
22210,0
14363,0
23971,0
19916,0
2676,0
13291,0
25673,0
12421,0
16062,0
13170,0
15844,0
7554,0
14161,0
26839,0
2856,0
10689,0
7581,0
16326,0
11061,0
16674,0
19036,0
2232,0
5187,0
12065,0
11491,0
8180,0
2929,1
7891,0
13678,0
23943,0
10210,0
18858,0
23794,0
13694,0
2784,0
26366,0
17292,0
7104,0
4843,0
7784,0
23493,0
20239,0
25902,0
2867,1
15543,0
12483,0
25213,0
3595,0
6316,0
3844,1
14867,0
1411,1
11915,0
5155,0
7359,1
25803,0
12538,0
8099,0
6029,0
11420,0
22676,0
16539,0
19055,0
3919,0
10297,0
3399,0
10205,0
22057,0
1738,0
9391,0
25711,0
12801,0
27029,0
23380,0
15013,0
21201,0
6662,1
23892,0
1765,0
22633,0
18985,0
27373,0
16506,0
26102,0
10519,0
14412,0
23038,0
11428,0
18809,0
23191,0
3181,1
27123,0
26332,0
25082,0
26803,0
10765,0
23457,0
13469,0
24608,0
19676,0
7571,0
20472,0
14462,0
16068,1
15364,0
19131,0
8960,1
8042,1
1743,0
11800,0
447,0
15415,0
11959,0
25977,0
23256,0
22255,0
1675,0
119,0
12702,0
5556,0
24496,0
22919,0
15843,0
21774,0
17097,0
12930,1
13761,0
23013,0
15832,0
27162,0
21487,1
11020,1
4246,0
22268,0
24506,0
12375,0
23844,0
7364,0
3142,0
10708,0
1121,0
18429,0
5525,0
520,0
385,0
1741,0
24392,0
13736,1
5533,0
6880,0
5427,0
14540,0
26072,0
7724,0
7793,0
20468,0
2449,0
9052,0
14117,0
6633,0
13884,0
438,0
3508,0
17001,0
4859,0
168,0
22413,0
23461,0
482,0
26910,0
25057,0
16072,0
8085,0
21920,0
26247,0
11242,0
5260,0
8362,0
27553,0
27070,0
5282,0
681,0
10852,0
10427,0
2463,0
3425,0
7112,0
2518,0
6628,0
11660,0
11325,0
2135,0
22345,0
1106,0
11740,0
19826,0
14321,0
6700,0
8643,0
24076,0
4371,0
1339,0
1731,0
11400,0
5597,0
13152,0
17282,0
25286,0
459,0
12377,0
4048,0
5148,0
16623,0
25140,0
27798,0
26118,0
13062,0
14492,0
1396,0
15917,0
10646,0
8779,0
26043,0
11947,0
8005,0
4479,0
24942,0
3035,0
22241,0
25167,0
1201,0
15320,0
188,0
23572,0
13424,0
17897,0
22680,0
27685,0
5215,1
27181,0
2662,0
23994,0
8610,0
1978,0
15542,0
14054,1
19113,0
12036,0
15262,0
11203,0
26705,0
18463,0
25626,0
25935,0
6726,0
9651,0
23659,0
17890,0
27558,0
1940,0
221,1
2528,0
2420,0
4387,0
22827,0
19608,0
9926,0
17991,0
6974,0
9124,0
25792,0
21651,0
4520,0
11832,0
12517,0
13722,0
5026,0
1075,0
12609,0
5216,0
7582,0
8439,0
4003,0
1397,0
12187,1
3298,0
20765,0
25672,0
27687,0
23391,1
21048,0
15888,0
18862,0
21391,0
10349,0
25332,0
19451,0
6602,0
3806,0
5685,1
25046,0
3378,0
24695,0
2020,0
17688,0
16752,0
9300,0
13792,0
15104,0
22643,0
22229,0
18442,1
6111,0
9822,0
15834,0
16844,0
4685,0
14946,0
4850,1
14636,0
6531,0
18125,0
7298,0
6552,0
6328,0
17713,0
9403,0
17012,0
10203,0
21629,0
22905,0
14775,0
17086,0
5262,0
16400,0
25864,0
16547,1
13889,0
27456,0
13088,0
25617,0
12389,0
12649,1
15624,0
18997,0
14652,0
10168,0
5589,0
26981,0
10902,0
25104,0
23292,0
25207,0
2404,0
12202,0
5201,0
10423,0
16721,0
5763,0
127,0
16472,0
10615,0
7998,0
22276,0
20591,1
4140,0
15132,0
17689,0
16177,0
10322,0
23016,0
14959,0
19906,0
20646,1
22720,0
26783,0
8105,0
4148,0
26058,0
3789,0
22750,0
964,0
13814,0
27762,0
27568,0
4455,0
18609,0
17992,0
20879,0
24229,0
27751,0
12093,0
18189,0
19004,0
26801,0
10739,0
20542,1
22887,1
19121,0
10982,0
2173,0
9440,0
26097,0
10470,0
2635,0
22818,0
503,0
15218,0
6528,0
23697,0
21713,0
15779,0
11127,0
25181,0
15614,0
10920,0
4679,0
27360,0
22427,0
11427,0
22946,0
3843,0
16408,0
928,0
18916,0
24290,0
27542,0
103,0
9233,0
7767,0
20271,0
12244,0
23469,0
4844,0
17676,0
24162,0
9570,0
828,0
4525,0
20697,0
9960,0
7703,0
26573,0
2947,0
7880,0
20647,0
27550,0
12135,0
24201,0
18276,0
23249,0
2434,0
23964,1
16236,0
14660,0
10063,0
20814,0
18118,0
26578,0
15273,0
10071,1
24314,0
2041,0
10939,0
16775,0
12802,0
21519,0
7247,0
2043,0
18911,1
3366,0
13728,0
18182,0
4258,0
26833,0
16358,1
11212,0
10963,0
12838,0
7591,0
6020,0
6692,1
15656,0
21496,1
26669,0
25915,0
9246,0
24467,0
22883,0
26259,0
8487,0
21070,0
27288,0
24232,0
3058,0
11623,0
8124,0
5550,0
5621,0
2444,0
8932,0
1063,0
13513,1
13497,0
17486,0
14969,1
18240,0
11150,0
20228,0
6534,0
11178,0
12101,1
27075,1
2061,0
27690,0
6977,0
14601,0
14177,0
12562,0
15866,0
7757,0
18232,0
1078,0
14100,0
12321,0
10398,0
12049,0
24510,0
25741,0
11863,0
2225,0
1282,0
11291,0
24657,0
27703,0
6384,1
11790,0
7882,0
19482,0
20122,0
24893,0
26766,0
12567,0
15442,0
13315,0
18294,0
21212,0
5174,1
13011,1
15075,0
23869,0
15237,0
15772,0
14508,0
19740,0
16454,0
15491,0
25707,0
4730,0
5394,0
26009,0
478,0
14602,0
19454,0
16359,0
4788,0
12051,0
3461,0
11315,0
9116,0
12885,0
16728,0
1092,0
23947,0
22253,0
23304,0
12257,0
20457,0
8051,0
23841,0
16869,0
10520,0
18817,0
24177,0
24662,0
11896,0
647,0
970,0
21708,0
5449,0
14906,0
3470,0
11967,0
7918,0
4794,0
16572,0
18154,0
5191,0
17884,0
19912,0
9747,0
5135,0
1009,0
11994,0
22058,0
7301,0
210,1
3329,0
15975,0
14095,0
18499,0
24305,0
4282,0
12586,0
16296,0
20063,0
3226,0
20040,1
326,0
12711,0
13593,0
8240,1
4306,0
5514,0
25670,0
5561,0
12324,0
664,1
12068,0
20388,0
4913,0
2194,0
649,0
3923,0
25157,0
217,0
4641,0
21656,0
12405,0
12695,0
7175,0
12980,0
17210,0
16598,0
5500,0
12462,0
24006,0
8670,0
22822,0
12547,1
5198,0
9529,0
5094,0
7768,0
12022,0
16647,0
12264,0
4972,0
16058,0
24904,1
9707,1
6551,0
14034,0
22942,0
20802,0
23346,0
13726,0
13637,0
2885,0
17077,0
22434,0
27481,0
13164,0
13118,0
8887,0
16275,0
20048,0
24303,1
2748,0
17168,0
11230,0
11222,0
25337,0
19353,0
18441,0
26695,0
11839,0
367,0
25220,0
3942,1
24897,0
13002,0
9278,0
12766,0
15664,0
22878,0
7467,0
16888,0
22953,0
26116,0
15435,0
134,0
6788,0
4984,0
7341,0
15255,0
3351,0
22194,1
3200,0
10836,0
6612,0
26680,0
15081,0
8892,0
14832,0
15671,1
7672,1
25386,0
20044,0
15076,0
316,0
146,0
21816,0
24449,0
12738,0
24964,0
15800,1
14261,0
19444,0
9614,0
14793,0
6676,0
19003,0
819,0
23491,0
3486,0
16248,0
24139,0
23728,1
12678,0
8714,0
3111,0
6538,0
6909,0
15400,0
25624,0
2495,0
24717,1
21802,1
25239,0
2505,0
4699,0
21858,0
21719,0
21855,0
17505,0
21216,0
10747,0
23495,0
20015,0
14163,0
17444,0
4344,0
25619,0
1011,0
13742,0
16207,0
7012,0
6730,1
1034,0
5121,0
2270,1
696,0
13385,0
3704,0
19293,0
22112,0
14726,0
8449,0
26162,0
2790,0
18533,0
11816,0
8902,0
25422,1
25566,0
10950,0
5663,0
21005,0
20192,0
27747,0
21922,0
25653,0
1888,0
12348,0
6664,0
23556,0
25331,0
7944,0
19209,0
1413,0
14197,0
15889,0
18424,0
16730,0
3623,0
20077,0
16449,0
22731,0
4400,0
180,0
23618,1
14144,0
469,0
17900,0
2166,0
1027,0
9913,0
15793,0
1423,0
12799,0
20685,0
11443,0
23375,0
25591,0
20699,0
7047,0
9152,0
27197,0
22047,0
1192,1
7495,0
15168,0
4157,0
2559,0
12311,0
21743,1
8365,0
3734,0
9295,0
14767,0
3860,0
25484,0
25143,0
23535,0
2604,1
7708,0
21989,0
1297,0
11670,0
19368,0
635,1
17659,0
13553,1
17474,0
5339,0
5551,0
11142,1
15221,0
21529,1
14736,0
12543,0
27232,0
23241,0
9185,0
22566,0
9773,0
4059,0
5507,0
9989,0
21723,0
14630,0
16066,0
10133,0
12313,0
6267,0
29,0
24896,0
13789,0
21823,0
4438,0
3362,0
9538,0
10961,0
3668,1
17427,0
27583,1
1869,0
19391,0
960,0
984,0
11892,0
25579,0
22546,0
15306,0
22904,0
22976,0
24293,0
25234,0
4501,0
5034,0
18008,0
12426,0
7565,0
14049,0
2981,0
14950,0
10275,0
23795,1
1259,0
8454,0
10742,0
17171,0
7976,0
26051,1
10369,0
16583,0
4057,0
25303,0
4706,0
7579,0
14234,0
21983,0
17791,0
14383,0
23955,0
15884,0
22131,0
11836,0
4421,0
1429,1
27486,1
5068,0
9938,0
3502,0
26074,0
19638,0
19796,0
8028,0
22296,0
11416,0
11052,0
10949,0
23739,0
1611,0
6025,0
23919,0
9534,0
23797,0
6010,0
12492,0
17155,0
10746,0
23550,0
1514,0
9485,0
9213,0
20743,0
139,0
27391,0
12335,0
24700,0
18547,0
22964,0
2254,0
5496,0
7553,0
25056,0
24031,0
4832,0
25452,0
27255,0
17970,0
3418,0
16927,0
25472,0
11193,0
10859,0
19777,0
3686,0
7363,0
23537,0
19009,0
2290,0
7898,0
26293,0
10512,0
12487,0
25388,1
18534,0
4153,0
20279,0
208,0
27466,0
26355,0
12830,0
2605,0
22871,0
2587,0
11574,0
20406,0
15808,0
10134,0
15936,0
20861,0
25365,0
12553,0
2870,0
21982,0
15860,1
15771,0
25899,0
19550,0
2905,1
9000,0
2702,0
21331,0
19361,0
19377,0
2351,0
9976,0
11208,0
10387,0
1751,0
2299,0
25133,0
9737,0
5653,0
26911,0
12024,0
22948,0
1640,0
23872,0
2492,0
11928,0
4977,0
12307,0
10977,0
6714,0
4989,0
21483,0
4513,0
22494,0
17631,0
5729,0
19743,0
10671,0
5749,0
15425,0
16507,0
3110,0
16441,0
24633,0
20585,0
22549,0
24091,1
6952,0
25891,0
20745,0
27737,0
2210,0
14362,0
23186,0
21345,0
27056,0
17787,0
13211,0
17017,1
19017,0
4738,0
15238,0
20621,0
13672,0
18153,0
7719,0
6390,0
14264,0
27039,0
23765,0
25474,0
27499,0
26878,0
1474,0
14459,0
13688,0
14223,0
1713,0
7353,0
3995,1
26195,0
25427,0
22551,0
708,0
6872,0
21533,0
22300,0
6480,0
13533,0
11165,0
14544,0
5199,0
10598,0
15828,0
14936,0
2554,0
20188,0
6091,0
21328,1
19821,0
17762,0
19725,0
16989,1
9188,0
26785,0
8879,0
2865,0
14019,0
23898,0
3836,0
5157,0
8735,1
14603,0
19591,0
683,0
15220,0
16443,0
17892,1
8958,0
11603,0
13836,0
5658,0
23497,0
18505,0
25812,1
17635,0
25969,0
14581,0
16290,0
17665,0
26205,0
26341,0
26644,0
10760,0
11152,0
5456,0
6948,0
8318,0
13209,0
16323,0
20149,1
1383,0
13207,0
2441,0
20455,0
22013,0
10968,0
23796,0
7877,0
19079,0
27046,0
9621,0
23314,0
25320,0
16992,1
431,0
21595,0
20842,0
2751,0
20773,0
11097,0
4639,0
12228,0
1866,0
15783,0
5414,0
18759,0
451,1
14324,0
1606,0
10856,0
7223,0
25263,0
7488,0
4890,0
12495,0
21080,0
22223,0
14528,0
22697,0
12455,0
4749,0
11251,1
20073,0
22590,0
17016,1
16671,0
9942,0
17316,0
2081,0
24166,0
22886,0
16124,0
22321,0
26991,0
22860,0
16801,0
7502,0
26153,0
18159,0
14763,0
10899,1
12044,0
14093,0
7249,0
10132,0
7639,0
21137,0
9838,0
11293,1
15601,0
12326,0
7431,0
3509,0
5676,0
13111,1
11105,0
6688,0
16214,0
3,0
10352,0
1632,0
12124,0
6239,0
21111,0
15325,0
23106,0
22524,0
3393,0
466,0
8295,0
18415,0
5665,0
8165,0
17920,0
4338,0
8943,0
4819,0
8316,0
22562,0
16084,0
17078,0
8768,0
20569,0
16546,0
10428,0
6290,0
13706,0
14801,0
21025,0
12971,0
9003,0
13124,0
25284,0
19015,0
26604,0
23035,0
844,1
11719,0
22425,0
14339,0
8622,0
11189,0
3397,0
8309,0
1398,0
6024,0
21069,0
26234,0
13253,0
20520,0
8157,0
11358,0
14608,0
795,0
21603,0
20579,0
27315,0
18481,1
8013,0
22019,0
11274,0
24438,1
22966,0
8372,0
25659,0
10865,0
14181,0
19246,0
10276,0
26581,0
5523,0
16039,0
16297,0
17083,0
7801,1
7738,0
25577,0
25466,1
5770,0
11815,0
9770,1
20994,0
4610,0
23523,0
25545,0
8200,1
22629,0
13566,0
4191,0
4813,0
7785,0
27794,0
23396,0
25400,0
3784,0
10045,0
6625,0
14147,0
4955,0
14368,0
19326,0
23097,0
24682,0
5227,0
2909,0
7799,0
18790,0
3416,0
26634,0
26639,0
16432,0
7682,0
15983,0
15448,0
19687,0
24692,0
10189,0
1788,0
25573,0
17813,0
1350,0
18098,0
16975,0
25431,0
20707,0
9418,0
16174,0
2361,0
1402,0
21943,0
15548,0
22624,0
6777,0
12438,0
11170,0
12310,0
26551,0
21393,0
10017,0
15219,0
5464,0
19876,1
9547,0
5038,0
9044,0
27649,0
18937,0
22090,0
12832,0
14649,0
1809,0
17914,0
15993,0
8416,0
18712,0
2442,0
18407,0
6753,0
9742,0
7228,0
655,0
15423,0
22007,0
11450,0
322,1
5501,0
10752,0
13130,0
12099,0
7834,1
6484,0
8227,0
13047,1
369,0
25796,0
5286,0
6119,0
5337,0
25247,0
7267,0
1131,0
2265,0
373,0
4528,0
12670,0
19509,0
9125,0
20320,0
16305,0
19285,0
2075,0
5979,0
9504,0
2916,0
23454,0
1418,0
24149,0
19526,0
10675,0
11235,0
23266,0
13086,0
16773,0
8064,0
20589,0
24431,0
20688,0
21428,0
6535,1
9477,0
8929,0
25587,0
19755,0
8972,0
1554,0
26787,1
23822,0
8480,0
17166,0
88,0
8034,0
12551,0
11535,1
13911,0
3070,0
18314,0
5259,0
19745,0
19838,0
17140,0
15498,0
776,0
9977,0
27768,0
939,0
27256,0
11504,0
14658,0
23908,1
10319,0
12532,0
4397,0
14762,0
30,0
16387,0
25310,0
19620,0
10772,0
16591,1
2174,0
8091,0
2984,0
2207,0
547,0
14556,1
16745,0
945,0
24916,0
23392,0
10309,0
15571,0
6857,0
27628,0
3352,0
6070,0
1680,0
23935,0
1557,0
16552,0
10792,0
21941,0
2698,0
4199,0
5824,0
12092,0
5377,0
7650,0
3732,0
20364,0
1719,1
7346,0
20692,0
27157,0
7534,0
17122,0
3113,0
26517,0
21308,0
24761,0
20838,0
10280,0
9362,1
11451,0
13586,0
15597,0
12166,0
14522,0
27473,0
9948,0
24270,0
3296,0
11658,0
14084,0
27169,0
17255,0
21193,0
563,0
11945,0
19236,0
9801,0
9222,1
1873,0
14888,0
17799,0
25496,0
9098,0
21650,0
11775,1
14263,0
8354,0
25396,0
12414,0
349,0
1687,0
7510,0
26697,1
688,0
23080,0
17804,0
11544,0
23925,0
27453,0
11297,0
19586,1
17802,0
21929,0
25202,0
2766,1
22051,0
2026,0
6983,0
1527,0
14244,0
19668,0
2703,0
21811,0
25090,0
5864,0
12475,0
6275,0
27129,1
10829,0
22501,0
5814,0
9489,0
16872,0
16816,0
25600,0
14085,0
22791,0
4424,0
9366,0
19461,0
23298,0
15731,0
14878,0
5787,0
8602,1
4189,0
13762,0
5732,0
3739,0
24407,0
21326,0
18340,0
14759,0
6455,1
9535,1
14930,0
14845,0
5160,0
9625,0
12393,0
24614,0
2710,0
23255,0
12527,0
2684,0
1393,0
26599,1
2226,0
2534,0
26010,0
6039,0
8721,0
19705,0
12556,0
10841,0
907,0
12223,0
16771,0
26314,0
9358,1
3617,0
9857,0
23189,0
20050,0
14584,0
16787,0
10418,0
15409,0
6128,0
12505,1
2727,0
9089,0
20525,0
19243,0
4564,0
27356,0
12703,0
23961,0
2412,0
23367,0
20375,0
15453,0
3274,0
18859,0
2425,1
26328,0
25983,0
14620,0
17460,0
23547,0
24062,0
27227,1
7850,0
22233,0
17404,0
19983,0
2873,0
11551,0
16811,0
3315,0
5971,0
606,0
23877,0
10840,0
17512,1
19292,0
21473,0
856,0
1926,0
18327,0
24999,0
17287,0
18512,0
20370,0
13571,0
26682,0
9410,0
44,0
2812,0
24131,0
6204,0
8868,0
9331,0
6224,0
13215,0
15399,0
14822,0
11402,0
24463,0
585,0
4978,0
23546,0
24698,0
21146,0
21757,0
8048,0
200,0
4563,0
24493,0
2051,0
8827,0
13601,0
18679,0
13462,0
4825,0
3533,0
9682,0
18418,1
2264,0
1232,0
14921,1
19051,0
7997,0
24534,1
8589,0
3926,0
2536,0
24656,0
13607,0
26842,0
16693,0
17931,0
20432,0
26590,0
21787,0
16090,0
9483,0
22839,0
15102,0
1065,0
8832,0
23613,0
14189,1
7841,1
15529,0
22142,0
25407,0
833,0
25382,0
19487,0
5050,0
25304,0
11854,0
23517,0
7204,0
14978,0
3073,0
6235,0
25421,0
14752,0
14777,1
15227,0
5001,0
22545,0
23233,0
4724,0
9831,0
17473,0
69,0
16511,0
1739,0
19716,0
24572,0
21194,0
22305,0
20728,0
227,0
7647,0
12798,0
20129,0
1864,0
15067,0
7779,1
22213,0
1812,0
383,0
24857,0
729,0
313,0
22701,0
14421,0
22766,0
20474,0
20416,0
3059,0
25495,1
13191,0
12960,0
4044,0
20506,0
12079,0
24336,0
19230,0
15604,0
23850,1
19425,1
2897,0
22460,0
24418,0
725,0
4618,0
9902,0
13505,1
13514,0
7042,1
24223,0
13723,0
23332,0
15484,0
14954,0
22134,0
7725,1
14778,0
8145,0
27365,0
15910,0
10509,0
8687,0
19365,0
19416,0
24035,0
12074,0
17902,0
10007,0
17156,0
14644,0
7302,0
10645,0
7051,0
2815,0
14618,0
19854,0
2782,1
5863,0
27164,0
2512,0
19819,0
20603,0
5418,0
7603,0
14258,0
16469,0
54,0
16783,0
14146,0
3463,0
12956,0
8285,0
2847,0
16445,0
17278,0
4032,0
10877,0
23612,0
21597,0
5070,0
22849,0
2859,0
16922,0
898,0
26884,0
1722,1
19731,0
21183,1
12072,0
14651,0
11686,0
3737,1
27409,0
16918,1
25273,0
23693,0
25322,0
19453,0
17529,0
22617,0
23201,0
27579,0
8765,0
13868,0
20592,0
12518,0
19010,0
24083,0
26431,0
8072,0
14809,0
7221,0
6350,0
19253,0
24456,0
25889,0
25733,0
24492,0
26754,0
2095,0
24066,0
18057,0
21231,0
22152,0
2245,0
3938,0
1153,0
9961,0
1084,0
16876,0
27291,0
11591,0
27195,0
18685,0
21187,0
4489,0
6912,0
7033,0
26826,0
5076,0
12434,0
5871,1
6216,0
4305,0
6355,0
1880,0
11699,0
18847,0
7088,0
3921,0
2998,0
2707,0
14303,0
9136,1
25410,0
13133,0
4966,0
19394,0
4547,1
12574,1
12357,0
16348,0
8518,0
3302,1
21840,0
27294,1
18358,0
3974,0
17567,0
1328,0
20761,0
27253,0
1318,0
1775,0
12272,0
17068,0
19199,1
24667,0
26461,0
20987,1
3877,0
10643,0
2001,0
14447,0
311,0
12654,0
57,0
1631,0
25837,0
18164,0
13646,0
1534,0
6599,0
10439,0
15098,0
13681,0
23458,0
1280,1
27647,0
25585,0
26863,0
5165,0
27108,1
19806,0
23806,0
6824,0
13415,0
4286,0
884,0
23297,1
15162,0
13494,0
26320,0
4418,0
25756,0
4226,0
1862,0
4836,0
6944,0
14431,0
15640,0
14943,0
2838,0
735,1
12078,0
11717,0
10597,0
27259,0
19021,0
13664,0
19312,0
18823,0
17378,0
26892,0
5013,0
14322,0
2645,0
19279,0
8196,0
26872,0
3248,0
7706,0
2736,0
4388,0
20440,0
13800,0
19742,0
27220,0
9252,0
1188,0
7348,0
8525,0
23099,0
15465,0
17377,1
15342,0
16643,0
22908,0
27699,0
4847,0
3930,0
22807,0
15311,1
9183,0
26925,0
11844,0
20458,1
12104,0
15266,0
19424,0
8658,0
12507,0
12872,0
5980,0
12741,0
18620,0
16060,0
12958,0
7763,0
13981,0
11911,0
24101,0
16845,0
8763,0
1356,0
16804,1
16161,0
4973,0
2252,0
23018,0
2789,0
3953,1
27372,0
2085,0
18568,0
6248,0
6422,0
19463,0
6388,0
20399,0
6034,0
17183,0
26324,0
9958,0
24852,0
21100,0
18661,0
24871,0
18396,0
13212,1
10062,0
2704,0
11423,0
6463,0
3433,0
19397,0
19728,0
10219,0
7278,0
6899,0
15192,0
408,0
15537,0
17842,0
16186,1
20294,0
27618,0
19847,0
19519,0
18813,0
23,0
7671,0
21553,0
7893,0
14718,0
27154,0
22863,0
15559,0
24346,0
12181,0
7456,0
4099,0
17765,0
18130,0
15488,0
8629,0
9119,0
8447,0
1276,0
9406,0
25038,0
14152,0
20974,0
6711,0
5019,0
26275,0
25369,0
21795,0
21269,0
5915,0
8170,1
13776,0
26509,0
18993,0
3794,0
19517,0
2332,0
1261,0
6892,0
16952,0
19228,0
27809,0
10901,0
9100,0
18003,1
668,0
16605,1
7072,0
23665,0
8337,0
15650,0
812,0
19108,0
13517,0
6133,0
6600,0
2101,0
23094,0
11369,0
3211,0
14970,0
18720,0
26273,0
20065,0
6921,0
1247,0
8663,0
8710,0
16970,0
3387,1
4069,0
7168,0
15347,0
24169,0
18158,0
13867,0
14411,0
457,0
5202,0
18177,0
3532,0
26936,0
26968,0
22133,0
14811,0
2334,0
25709,0
13912,0
13793,0
12302,0
20977,1
26761,0
5720,0
6366,0
21257,0
26136,0
8292,0
24425,0
20355,1
18665,0
1012,0
26317,0
26334,0
23142,0
26130,0
13991,0
15297,0
3620,0
26441,1
8398,0
20322,0
11057,0
21549,0
16938,1
20434,0
17752,0
14990,0
25505,0
20717,1
7667,0
1944,0
18932,0
10906,1
2002,0
18121,0
21626,0
17198,0
18292,0
5754,0
416,0
651,0
25766,1
15693,0
13954,0
25136,0
15816,0
21318,0
25740,1
18536,0
701,0
9532,0
21178,0
10389,0
13498,0
10989,0
14625,0
23991,0
19202,0
20191,0
24533,0
26427,0
19197,0
8242,0
14505,0
9712,1
6202,0
12657,0
18113,0
17080,0
18741,0
7924,0
21710,0
8054,0
2374,0
18811,0
16856,0
26123,0
27445,0
18266,0
20766,0
17147,0
12781,0
4245,0
3910,0
3705,0
1224,0
13977,0
15458,0
638,0
4704,0
9463,1
23506,0
20951,1
10957,0
2687,0
10185,0
14361,0
5130,0
13101,1
24934,0
11932,0
4821,0
16429,0
19031,0
3984,0
4265,0
9373,1
3381,0
24459,0
15948,0
22885,0
3634,0
19412,0
23809,0
3522,0
7539,0
24209,0
7545,0
19338,0
2616,0
8141,0
3287,0
2638,0
17634,0
16641,0
2323,0
17142,1
4692,0
24553,0
9048,0
22157,0
12793,0
1891,1
19622,0
13495,0
6504,0
3422,0
18281,0
12761,0
2879,0
20905,1
26323,0
26216,1
26419,0
3277,0
24046,0
6435,0
16830,0
21796,0
5421,0
9807,0
20053,0
13815,0
18197,0
13730,0
25943,0
616,0
10777,0
8074,1
4504,0
10149,0
7934,0
6186,0
11547,0
27099,0
23267,0
27238,0
1231,0
531,0
19185,0
17876,0
18393,0
11794,1
26194,0
15322,0
20340,0
2862,0
21694,0
7277,0
15478,0
8497,0
9720,0
23086,0
26139,0
20600,0
13104,0
175,0
17918,0
14265,0
14971,0
2930,0
19347,0
11734,0
23158,0
20897,0
7136,0
15188,0
27305,0
2519,0
3147,0
11541,0
22141,0
22169,0
16355,0
6750,0
13588,0
6223,0
1574,0
1349,0
8557,0
13804,0
14268,0
5071,0
3223,0
27524,0
265,0
19369,0
10501,0
20318,0
7109,0
16899,0
19319,0
11229,0
14661,1
6210,0
23774,0
5512,0
18465,0
16168,0
8470,1
23549,0
11608,1
23879,0
21889,0
2127,0
12639,0
13167,0
83,1
25932,0
17856,0
12953,0
3244,0
4957,0
11008,0
27769,0
26671,0
11307,0
25782,0
21376,0
21936,0
5357,0
17329,0
16167,0
18459,0
1830,0
16570,0
26241,0
12378,0
3019,0
19663,0
26089,0
1233,0
17084,0
27516,0
8158,0
27270,0
12986,0
424,0
17306,0
20594,1
19475,0
18387,0
22430,0
12769,0
25450,0
809,0
6933,1
13294,0
3341,0
16675,0
9672,0
16720,0
3125,0
9134,0
9242,0
13976,0
19903,0
18683,1
22468,0
8413,0
714,0
3219,0
14672,0
7952,0
24601,0
25609,0
1929,0
24050,0
26914,0
19485,0
3588,0
12811,0
25248,1
6164,0
2608,0
9760,0
19995,1
18893,0
21809,1
3128,0
14835,0
20599,0
6557,0
6308,0
7923,0
6646,0
14159,0
1847,0
21424,0
2188,0
13657,0
17211,0
1298,0
7653,0
18453,0
2781,1
22177,0
13024,0
22952,0
9892,0
24856,1
6562,0
26829,0
16262,0
15985,0
12209,0
19879,0
14967,0
16960,0
21150,0
26199,0
26396,0
15877,0
5163,0
12116,0
11038,0
15797,0
15264,0
25856,0
12534,0
12451,0
1443,0
21612,0
11163,0
5865,0
19587,0
7375,0
5928,0
1833,0
20217,0
8810,0
9676,0
13243,0
12273,0
15557,0
25592,0
1472,0
18655,0
3233,1
23100,0
1026,0
3559,0
13577,0
1174,0
20453,0
14573,0
12859,0
22078,0
16159,0
15294,0
13309,0
9774,0
17383,0
13903,0
6865,0
19538,0
1197,0
12843,0
22659,0
4577,0
24775,0
24566,0
17243,0
11311,0
7613,0
554,0
25616,0
26286,0
25760,0
9750,0
19359,1
6244,0
14094,0
1206,0
21081,0
26371,1
11191,0
25904,0
16392,0
3848,0
13033,0
3740,0
14425,0
4182,0
7442,0
9767,0
19650,0
8971,0
14854,0
27732,0
3349,0
14702,0
19472,0
24437,0
23662,0
11862,0
1572,0
16699,0
19699,0
19399,0
4219,0
15394,0
24179,0
11285,0
411,0
820,0
27778,0
5090,0
621,0
18414,0
744,0
3080,0
25636,0
6178,0
25976,0
24409,0
8344,0
3288,0
14477,0
26874,0
18599,0
6759,0
6149,0
2165,0
27008,0
11654,0
1584,0
19836,0
9507,0
12050,0
10016,0
3138,0
16914,0
19776,0
27190,0
11895,0
11131,0
9791,0
13520,0
1287,0
15829,0
6526,0
17389,0
5099,0
7946,0
21373,0
18724,0
21013,0
14753,0
20267,0
19200,0
16067,0
17281,0
2238,0
4201,1
3847,0
10821,0
17035,0
23746,0
3702,0
24175,0
2571,0
19395,0
26744,0
1338,0
24523,0
8650,0
13876,0
20927,0
8505,0
26900,0
20799,0
8842,0
18362,0
23584,0
23663,0
4772,0
10454,0
1807,0
20630,0
13862,0
13344,0
6649,0
9169,0
15119,0
26202,1
21480,0
26526,1
12904,0
24513,1
7745,0
24100,0
8904,0
5116,0
9172,0
344,0
456,0
8931,0
14452,0
3494,0
18469,1
6876,0
15274,0
5815,0
6650,0
11838,0
12406,0
5186,0
23428,0
11890,1
13083,0
1704,0
19913,0
19072,0
26006,0
14735,0
10166,0
8267,0
11697,0
24898,0
26548,0
4152,0
25951,0
23687,0
23069,0
1274,0
720,0
11502,0
19784,0
13620,0
6481,0
14218,0
23726,0
8331,0
25045,0
18228,0
10299,0
25231,0
5195,0
10569,0
2273,0
6027,0
3699,0
26020,0
19924,0
9509,0
1329,0
19405,0
23690,0
12836,0
26609,0
12216,0
3448,0
12042,0
1571,0
15354,0
17104,0
23118,0
11963,1
3165,0
9162,0
25349,0
6215,0
20958,0
2074,0
26429,0
19672,0
20071,0
23815,0
6399,0
4256,0
22599,0
6698,0
25343,0
3658,0
257,1
2202,1
10339,0
15085,0
24330,0
9619,1
7326,0
20904,0
21333,0
16973,0
9317,0
17206,0
10735,0
23127,0
5927,0
4660,0
26709,0
5584,0
21379,0
24825,0
484,0
24240,0
359,0
3733,0
12267,1
11132,0
10890,0
21346,0
15819,1
4810,0
17840,0
26448,0
7922,0
2527,0
24383,0
20851,1
5706,0
24833,0
11313,0
26042,1
23532,0
2450,0
24370,0
23395,0
15277,0
26575,0
25464,0
14734,0
7552,0
21170,0
4834,0
3612,0
10879,0
6120,1
8760,0
836,0
17481,0
3566,0
16510,0
16863,0
27400,0
15196,0
10163,0
5504,0
15814,0
766,0
20794,0
803,0
11522,0
7417,0
334,0
16287,0
2678,0
16266,1
21827,0
11355,0
26977,1
3689,1
1676,0
2549,0
1061,0
3369,0
13225,0
8843,0
15602,0
26587,0
21239,0
41,0
21286,0
8731,0
24807,0
1966,0
20446,0
23655,1
3213,0
18996,0
4026,0
24598,1
1698,0
10574,0
27337,0
9279,1
3254,0
2923,0
21999,0
7889,0
4568,0
10182,0
23188,0
741,0
24250,0
19783,0
2053,0
4936,0
12052,0
14239,0
19636,0
8786,0
17252,0
2545,0
10126,0
26085,1
6136,0
101,0
24587,0
9254,0
133,0
12301,0
6847,0
222,0
1827,0
24036,0
2825,0
6179,0
12560,0
3483,0
10980,0
20067,0
1943,0
8778,0
25720,0
7627,0
26554,0
5955,0
4720,0
22779,0
9928,0
15961,0
15727,0
8281,0
27105,0
10620,1
24001,0
25924,0
9693,0
16399,0
24713,0
11931,0
239,0
2012,0
23202,0
6084,0
5096,0
14770,0
7209,0
11598,0
6442,0
2447,0
6095,0
21456,0
1498,1
9056,0
22012,0
20888,0
11029,0
2733,0
7481,0
4851,1
23915,0
23029,0
13458,0
5042,0
24030,0
25118,0
2485,0
7609,0
23334,0
3328,0
13875,0
22023,0
12549,0
3519,0
829,0
3988,0
16871,1
25794,0
4653,0
16097,0
21898,0
4490,1
6779,0
17590,0
12169,0
26214,0
8214,0
6292,0
21654,1
18707,0
7102,0
12368,0
27064,0
23277,0
24422,0
13574,0
27578,0
9073,0
5045,0
18746,1
26321,0
25732,1
6483,0
17362,0
3429,0
14337,0
7930,0
17779,0
16560,0
6689,0
24973,0
27107,0
24461,0
18134,1
24080,0
18760,0
5764,0
15645,0
11176,0
22829,0
6148,0
25968,1
7449,0
24502,0
6425,0
27676,0
9875,0
18761,0
9303,0
353,0
14145,0
13539,0
9020,1
24895,0
16602,0
15900,0
27021,0
14747,0
4275,1
7315,0
24723,0
21590,0
5359,0
23747,1
14538,0
3571,0
15392,0
17067,0
11034,0
12480,0
18874,0
11615,0
20473,0
14733,0
22201,0
10710,0
9642,0
26505,0
10806,0
14518,0
25942,0
19927,0
16891,0
17123,0
22347,0
7,0
5331,0
1255,0
22215,1
3958,0
23891,0
2090,0
290,0
6778,0
27501,0
1749,0
16812,0
25916,0
18578,0
4235,0
17821,0
2649,0
26364,0
21220,1
7406,1
19030,0
25223,1
21076,0
11051,0
19761,0
5923,0
17539,0
14843,0
21665,0
18747,0
6607,0
17050,0
20775,0
14847,0
6003,0
23030,0
15199,0
14035,0
27655,0
22845,1
14375,0
27756,0
26032,0
16502,0
23348,0
13347,0
7294,0
25823,0
13488,0
23984,0
4031,0
2375,0
17819,0
23183,0
3884,0
19224,0
10884,0
8119,1
18616,0
19930,0
15544,0
11327,0
123,0
1405,0
24436,0
15176,0
11702,0
10475,0
10469,0
21690,0
25869,0
19739,0
25023,0
12909,0
23166,0
8336,0
1768,0
27691,0
12299,0
16352,0
1243,1
25860,0
12054,1
21169,0
9291,0
13632,0
16926,0
13530,0
900,0
11955,0
4410,0
2255,0
3769,0
2806,0
2681,0
20301,0
10370,0
8021,0
10581,0
11014,0
3960,0
3314,0
18320,0
11316,0
24536,0
11607,0
25390,0
8604,0
27523,0
9644,0
27352,0
19857,0
24155,0
21185,0
23465,0
16411,0
6077,0
24585,0
19999,0
26759,0
12423,0
10978,0
22917,0
6062,0
14850,0
22437,0
10153,0
11823,0
19468,0
24009,1
16950,0
20273,0
22515,0
9069,0
4241,1
9999,0
3237,0
11732,0
26184,1
21322,1
7691,0
3162,1
10876,0
18346,0
12692,0
9159,0
24318,0
23596,1
11188,0
24983,1
10933,0
21974,0
23623,0
18280,0
1077,0
21967,0
15000,0
3826,0
8542,0
5857,0
23626,0
6061,0
3207,0
11408,0
11368,0
26871,0
14662,0
13260,0
2150,0
21264,0
20112,0
23777,0
3489,0
27145,0
26112,0
5887,0
8094,0
19919,0
13984,0
14013,0
6346,0
5477,0
2380,0
10853,0
25776,0
27121,0
8939,0
3529,0
4420,0
604,0
4149,0
8516,0
23131,0
7131,0
12503,0
875,1
18721,0
13766,0
16974,1
26095,0
2467,0
24774,0
17349,0
13459,0
6593,0
19260,0
8443,0
3724,0
25151,0
23544,0
27393,0
27714,0
7800,0
20369,0
24112,0
1365,0
21046,0
575,0
3204,0
1023,0
10500,0
7049,0
4442,0
21604,0
23736,0
12340,1
14454,0
11773,1
20771,0
26591,0
2065,0
24389,0
14789,0
913,0
10511,0
5061,0
5859,0
1859,0
509,0
18175,0
13132,0
17115,0
14659,0
15031,0
5245,0
25526,0
2814,0
27475,0
13712,1
26438,0
11776,0
19770,0
9688,0
20379,0
11490,0
13326,0
2697,0
4534,0
24189,0
21630,0
12618,0
19080,1
18382,0
24869,1
4550,0
6624,0
6842,0
7567,0
2220,0
12513,0
15862,0
24199,0
10351,0
9153,0
5719,0
902,0
26926,0
6501,0
21985,0
24397,0
513,0
16055,0
6919,0
2115,0
8477,0
9567,0
3501,0
11848,0
5652,0
251,0
2915,0
19971,0
10406,0
8673,0
23349,0
16565,0
16759,0
1601,0
12170,0
16642,0
2338,0
3157,1
14470,0
17181,0
7790,0
18826,1
22105,0
19068,0
7306,0
15825,0
1256,0
23278,0
9971,0
2992,0
263,0
18011,0
12465,0
25060,0
1097,0
4291,0
15788,0
18839,0
16688,0
3336,0
16434,0
23389,0
16485,0
22001,0
20800,0
17638,0
16683,0
24719,0
15878,0
27637,0
10105,1
19462,0
16362,0
4705,0
14576,0
4510,0
19977,0
8319,0
3821,0
22674,0
24913,0
8919,0
11096,0
4634,0
1047,0
13658,0
9198,0
4475,1
26021,0
2546,0
8355,0
21439,0
26121,0
15481,0
3012,0
7438,0
8925,0
26637,0
8452,0
9140,0
1090,1
11853,0
9214,0
13387,0
4010,0
8442,0
26480,0
7397,0
7046,0
14819,0
16264,0
19417,0
10823,0
18795,0
21254,0
12730,0
12659,0
23351,0
12339,0
24134,0
21433,1
12957,0
19691,0
18648,0
19775,0
19646,1
810,0
15363,0
9842,0
3714,0
24827,0
224,0
11417,0
3846,0
20726,0
5348,0
8364,0
23518,0
7900,0
14994,0
1504,0
3018,0
12794,0
13953,0
8686,0
21818,0
17220,0
9728,1
3261,0
24435,1
17699,0
11007,1
7721,0
1771,1
17494,0
1377,0
21717,0
11507,0
13220,0
4159,0
21647,0
25062,0
9197,0
23437,0
10803,0
24613,0
4217,0
12347,0
25208,1
21666,0
14329,1
6870,0
11879,0
21645,0
8769,0
18355,0
23609,0
23394,0
8910,0
3511,0
14185,0
433,0
6603,0
27731,0
16756,0
7809,0
21524,0
24840,1
26825,0
25027,0
11048,0
1535,0
2878,0
5140,0
10372,0
1272,0
13302,0
6307,0
17190,0
5836,0
16372,0
3652,0
17710,0
6340,1
1616,1
12077,0
7304,0
5139,0
17530,0
17983,0
11747,0
17176,0
25634,0
25788,0
27274,0
20693,0
8288,0
20378,0
18472,0
5714,0
11661,0
24850,0
14372,0
23027,0
17031,0
11888,0
4556,0
13293,0
19513,0
11497,0
12895,0
7712,0
13370,0
6812,0
10721,0
5194,0
22507,0
20168,0
18095,0
4309,0
8121,0
18195,0
4028,0
17825,0
25662,0
11902,0
18575,0
20332,0
11224,1
9929,0
245,0
19648,0
5483,0
5324,0
26266,0
24554,0
16554,0
11387,0
14682,0
308,0
18824,0
7468,0
21181,0
10193,0
24779,0
14055,0
21791,0
4953,0
26224,0
17523,0
26780,0
7747,0
20836,0
12792,0
3105,0
10854,0
20982,0
16553,0
25596,0
21115,0
20847,0
23125,1
24299,0
11582,0
25404,0
7070,0
2405,0
13690,0
2577,0
26492,0
19171,0
13633,0
1362,0
4447,0
6112,0
18181,0
9071,0
12381,0
24996,0
6920,0
25436,0
12296,0
14050,0
27784,0
17720,1
18015,1
2267,0
3929,0
7138,0
11262,0
21971,1
1166,0
6536,0
9698,0
17501,0
7337,0
10958,0
27651,0
16394,0
7690,1
9668,0
1419,0
27196,0
19035,0
15101,0
21066,0
6428,0
15164,0
6951,0
26670,0
24399,0
3353,0
16966,0
8540,0
19516,0
11438,0
24494,0
16826,0
20776,1
17556,1
11912,0
20944,0
16597,0
14169,0
8049,0
14886,1
23635,0
12650,0
7318,1
6421,0
21900,0
12900,0
20387,0
4574,0
1371,0
25539,0
9263,0
16313,0
20351,0
656,0
6660,0
1205,0
12351,0
6677,0
8957,0
18075,0
7917,0
18487,0
22464,0
7668,1
8928,0
19413,0
9739,0
27656,0
27243,1
13825,0
4290,0
14393,0
19635,0
26592,0
17882,0
6453,0
25698,0
7819,0
24415,0
15094,0
6195,1
2927,0
23743,0
1870,0
6839,0
10870,0
4591,0
26832,0
19688,0
5625,0
19792,0
586,0
1437,0
12863,0
13885,0
23749,0
3043,1
11845,0
7555,0
21186,0
24769,1
11917,0
8310,0
20558,0
16794,0
8504,0
20736,0
18735,0
6293,0
12785,0
14583,0
19984,0
18349,0
11511,0
23906,0
1187,0
18131,1
10140,0
6964,0
16095,0
23966,0
7256,0
26896,0
12277,0
13082,0
7469,0
16070,0
26566,0
24267,0
27792,0
14983,0
16886,0
23969,0
27776,0
11177,0
21861,0
12028,0
17048,0
12864,0
24277,1
17394,0
26624,0
1039,0
2133,1
12740,1
13816,0
14405,0
3334,0
20249,0
11751,0
20898,0
11121,0
20507,0
826,0
3008,0
18040,0
3717,0
18170,0
1144,0
9710,0
7497,0
4630,0
12599,0
1158,0
19432,0
27664,0
12060,0
9253,0
15583,0
24360,0
1302,0
4915,0
9226,0
21554,0
7901,0
264,0
1912,0
22145,0
3882,0
25043,0
23271,0
11935,1
4949,0
25381,0
3872,1
19562,0
3106,0
4807,0
7191,1
15443,0
19875,1
14097,0
2946,0
26610,0
7685,0
21367,0
23135,0
19304,0
16175,0
18372,0
18269,0
24621,0
4824,0
22932,0
22197,0
5318,0
24756,0
9986,0
8020,0
23950,0
9309,0
4205,1
21935,0
27303,0
9753,0
12361,0
2893,0
9099,0
12428,0
14275,0
22243,0
16897,0
21963,0
218,0
16561,0
8087,0
7569,0
3728,1
13169,0
2966,1
10984,0
4472,0
14066,0
8952,0
2876,0
15499,0
22529,0
26653,0
22375,0
18709,0
27567,0
19551,0
14840,0
18436,0
9250,0
3208,1
9618,1
15953,1
24918,0
10290,0
10732,0
11628,0
15174,0
10269,0
16672,0
21014,0
7303,0
12805,0
3115,0
8874,0
7907,0
15518,0
4879,0
17993,0
13405,0
22480,0
9758,0
25980,0
3941,0
13714,0
7286,0
18066,0
6279,0
1604,0
3693,0
4742,1
4902,0
15159,0
14764,0
26506,0
16003,0
10056,0
9356,0
16842,0
16341,0
962,0
8969,0
12850,0
11635,0
10194,0
20441,0
14705,0
21939,0
327,0
25938,0
6808,1
20870,0
18829,0
17167,0
21258,0
8922,0
18938,0
18716,1
20779,0
7826,0
1994,0
10993,1
26773,0
24646,0
25037,0
2349,0
21539,0
20777,0
10935,0
5575,0
12837,0
7912,1
17738,0
618,0
17391,0
19261,0
9289,0
15469,0
2457,0
8218,0
24426,0
27740,0
16426,0
12430,0
10019,0
9606,0
13328,1
6285,0
3582,0
10381,0
21240,0
21853,0
3295,0
20496,0
4401,0
2310,0
14972,0
2403,0
17024,0
8665,0
20680,0
26989,0
878,1
10801,0
23594,0
16334,0
2109,0
26306,0
27367,0
15846,0
23606,0
21761,0
410,0
16658,0
3899,1
6549,0
3242,0
21867,0
9161,0
17705,0
2189,0
19083,0
14560,0
23826,0
14406,0
22773,0
12559,0
17584,0
12770,0
26928,0
8764,1
11388,0
10911,0
14654,0
18543,0
12912,0
4585,0
21649,0
11448,0
22135,1
20243,0
20391,0
12290,0
3305,0
10192,0
4417,0
542,0
22200,0
14353,0
20141,0
16793,0
16716,0
8058,1
15420,0
14480,0
14458,0
1654,0
2028,0
17629,0
23353,0
26741,0
26582,0
22709,0
22021,0
8796,0
14737,0
19779,0
27752,0
15654,0
9905,0
2319,0
17577,0
19005,0
24136,1
20088,1
3062,0
9997,0
23694,1
1006,0
26156,0
23143,1
25593,0
8459,0
17533,0
19210,0
13551,0
16580,0
25923,0
17834,0
2247,0
22334,0
17299,0
6357,0
22699,0
11729,0
14611,0
16726,0
9115,1
11860,0
24683,0
15668,0
26157,0
6491,0
4714,0
3437,0
17503,1
5654,0
14545,0
10044,0
4223,0
1355,0
22257,0
24443,0
22903,0
1879,0
24710,1
16717,1
12217,0
13608,0
17139,0
23421,0
27173,0
14121,0
7482,0
21079,0
24674,0
27773,0
6460,0
7908,0
27187,0
12189,0
3102,0
59,0
6306,0
22854,0
18510,0
14774,0
20226,0
7827,0
15350,0
1163,0
8079,0
2458,0
26335,0
16183,0
24018,0
13040,0
20945,0
5217,0
25693,0
22988,1
24665,0
23453,0
10506,0
23074,0
9731,0
15006,0
21122,0
24722,0
10990,0
8113,1
17039,0
25947,0
9577,0
8474,0
3472,0
23476,0
4680,0
21221,0
15135,0
27211,0
18670,0
2146,0
9163,0
25912,0
8889,0
25632,0
20741,0
9043,0
25881,0
26301,0
10018,1
17811,0
610,0
18567,0
6518,0
23342,0
5351,0
19090,0
19352,0
643,0
1464,0
15010,0
11018,0
14957,0
14355,0
22598,0
26817,0
21810,0
6672,1
17731,0
5333,1
5236,0
14311,1
102,0
23975,0
19384,0
24962,0
20606,0
6545,0
16722,0
9992,0
13433,0
22759,0
18477,1
9542,0
6270,0
17390,0
4351,0
15568,0
14910,0
25401,0
10312,0
23533,1
20823,0
20572,0
14105,1
4696,0
27734,0
4584,0
17935,0
26784,0
11923,0
23922,0
21403,0
21144,0
360,0
19566,0
11712,0
2910,0
13727,0
13823,0
20448,0
2199,0
17470,0
6871,0
6405,0
25070,0
23218,0
13508,0
7029,0
4139,1
3505,1
24230,0
21290,0
10862,0
21160,0
24069,0
27339,0
14791,0
13781,0
15268,0
14546,0
24714,1
7986,0
18583,0
10743,0
6756,0
1522,1
19536,0
16849,0
24452,0
20311,0
5679,0
25264,0
6797,0
2182,0
21306,0
11526,0
16317,0
5548,0
3496,0
11766,0
13872,0
4991,0
22636,0
24313,0
18841,0
10881,0
7932,0
10366,0
9355,0
17536,0
2445,1
3375,0
26059,0
2950,0
19269,0
10577,0
11214,0
22577,0
2826,0
9397,0
17124,1
19665,1
17382,0
23114,0
8409,0
6517,0
16917,1
22696,1
25428,0
22872,0
16242,0
22094,0
19948,0
8819,0
8476,0
15189,0
22390,1
24632,0
25879,0
1796,0
9038,1
27377,0
16229,0
7003,0
23926,1
16356,0
1715,0
19547,0
16868,0
18368,0
20036,0
3082,0
10548,0
12704,0
3438,0
14359,0
25489,0
8956,0
17419,0
20853,0
18986,0
26155,0
16141,0
14563,0
21429,0
16366,0
19571,0
3202,1
21945,0
14771,0
23090,0
9014,0
4038,0
4863,1
4751,0
7886,0
14002,0
18079,0
17026,1
1426,0
4505,0
14784,0
20912,0
10444,0
12705,0
9687,0
5473,0
12708,0
18046,0
2799,0
2235,0
21803,0
5716,0
25568,0
17964,0
14985,0
6424,0
3168,1
15801,0
20490,0
20713,0
15977,0
27140,0
27261,0
18686,0
27420,0
17944,0
26547,0
17163,0
19809,0
10664,0
18397,0
3214,0
8426,0
21371,0
20715,0
9761,0
14857,0
19484,0
11405,0
5689,0
14858,0
6715,0
13153,0
15242,0
10202,0
23462,0
4024,0
9144,0
15798,0
19788,0
19371,0
12606,0
14044,0
12578,0
22961,0
23206,0
1748,0
20327,0
9298,0
6685,0
19074,0
584,0
19523,0
11129,0
7125,0
22812,0
12636,0
6225,0
21060,0
9128,0
12858,0
14656,0
17698,0
13208,0
2644,0
2315,1
18622,0
14279,0
8156,0
6170,1
17837,0
18142,0
23117,0
16803,0
4013,0
18167,0
6502,0
695,0
15205,1
8293,0
16026,0
6466,0
23641,0
7093,0
1020,0
9320,0
1533,0
6527,0
3518,0
483,0
10944,0
14533,0
7665,0
707,0
2712,1
8019,1
4337,1
9325,0
5662,0
9994,0
8298,0
22342,0
10696,1
22204,0
16981,0
25506,0
20060,0
13120,0
18513,0
8965,0
19014,0
577,0
26204,1
8703,1
14717,0
16415,0
6667,0
8451,0
4914,0
5180,0
3947,0
22571,0
26171,0
3284,0
8478,0
4269,0
8725,0
20145,0
12146,0
7661,0
1624,0
9229,0
20844,0
7305,0
18238,0
24143,0
26677,0
27533,0
8743,0
11462,0
1135,0
3122,1
24712,0
3540,1
790,0
18451,0
499,0
1576,0
16599,0
6206,0
335,0
19568,0
19904,0
14709,0
6232,0
12928,0
14338,0
18676,0
8628,0
14307,0
9287,0
12498,0
10687,0
4560,0
2621,0
2112,0
7888,0
17203,0
7356,0
11567,1
27321,0
20756,0
16463,0
15080,0
12681,0
3479,0
20292,0
7458,0
6252,0
8510,0
6035,0
13724,0
11286,0
25541,0
6703,0
3615,0
2003,0
1330,0
2855,0
13148,0
27458,0
24145,0
24924,0
17855,0
9378,0
9607,0
10362,0
4072,0
18101,0
11983,0
5929,0
6126,0
19865,0
14807,1
1703,0
7094,0
22511,0
13987,0
19780,0
24468,0
12620,0
14276,0
19633,0
4874,0
19594,0
19986,0
25946,0
31,0
697,0
6045,0
18390,0
24697,0
11571,0
631,0
9681,0
95,1
15318,0
21634,0
4767,0
12952,0
9500,0
16051,0
8676,0
994,0
11799,0
25102,0
8136,0
4600,0
20005,0
13115,0
3817,0
26454,1
15190,0
13437,0
17768,0
7658,0
21455,0
13679,0
8018,0
21825,0
7290,0
2900,0
20503,0
9733,0
18042,0
1348,0
26076,0
3264,0
23516,0
6482,0
20629,1
18927,0
24581,0
9189,1
12403,0
6161,0
11731,0
8896,0
27718,1
3388,0
3310,0
25013,0
20822,0
10830,0
23644,0
9296,0
18617,0
6883,0
17756,0
21002,0
22498,0
21413,0
3638,0
6547,0
16579,0
5709,1
23095,0
9401,0
13581,0
7781,0
115,0
15127,0
17401,0
25648,0
23989,0
20660,0
2498,0
10959,0
12309,0
23727,0
5502,0
5995,0
6228,0
14204,0
4954,0
21040,0
20535,0
9199,0
15341,0
23441,0
23685,1
1199,0
9880,0
25498,0
16114,1
8147,0
13642,0
18462,0
1692,0
26700,0
19195,0
1709,0
17298,0
10943,0
9149,0
27374,0
21862,0
21864,0
25174,0
24347,0
25257,0
20874,0
17707,0
17011,0
17212,0
6631,0
12010,0
15460,0
24745,0
26673,0
1608,1
7652,0
26090,0
17475,0
17712,0
13196,0
9722,0
12753,0
821,0
3015,0
9819,0
14015,0
20174,0
2988,0
21251,0
4590,0
18072,0
18580,0
1553,0
20846,0
22615,0
16882,0
114,0
13549,0
26672,0
1337,0
7217,0
2480,0
17830,0
11933,1
15840,0
23053,0
21995,0
19949,0
26391,0
5005,0
5888,0
20698,0
13400,0
19979,0
686,0
2997,0
23719,0
11701,0
26149,0
23494,0
26120,0
4678,0
15991,0
12152,0
6478,0
16015,0
6906,0
12058,1
11758,0
26192,0
18527,0
21104,0
25685,0
18198,0
13438,0
22836,0
10430,0
13902,0
19046,0
15301,0
3001,0
12978,0
15118,0
7743,0
4974,0
21663,0
24577,0
18422,1
4339,0
23514,0
6144,0
838,0
23631,0
6524,0
27459,0
23564,0
415,0
16540,0
6874,0
21915,0
27098,0
27096,0
14059,0
7655,0
12125,0
1432,0
12179,0
8829,0
10128,0
22384,0
6510,0
242,0
14398,0
4572,0
27285,1
23823,0
4376,0
5446,0
22122,0
6674,0
16515,1
16741,0
20404,0
4271,0
5835,0
26219,0
8485,0
18336,0
9931,0
19670,0
14237,0
14754,0
15049,0
8104,0
10127,0
15730,0
22913,0
26866,0
7864,0
13972,0
18306,0
10504,0
19734,0
7675,0
15782,0
15375,0
16747,0
26851,0
23851,0
12129,0
20556,0
16581,1
24184,0
10673,0
19180,0
3468,1
19834,0
16851,0
19515,0
13589,0
21279,0
21782,0
16191,0
25059,0
19341,0
300,0
5292,0
20101,1
21130,1
21931,0
26601,0
6781,0
1194,1
22840,0
1712,0
5862,0
22279,0
20513,0
1900,1
17971,0
19239,0
11625,0
3078,0
24086,0
13295,0
3209,0
1253,0
7466,0
12524,0
1208,0
439,0
9888,0
18558,0
5593,0
6891,0
21139,0
22488,0
68,0
19907,0
25859,0
12402,0
1066,0
26935,0
8538,0
12985,1
10274,0
673,0
4279,0
15201,0
21608,0
9147,0
19427,0
25964,0
22509,0
11990,0
20668,0
24966,0
11961,0
22396,0
15171,0
20978,0
6798,0
27620,0
22398,0
977,0
17880,0
12437,0
25529,0
24788,0
6735,0
4701,0
8149,0
10084,0
7001,0
24592,0
21623,0
13874,0
13787,0
10791,0
25674,0
7376,0
8280,0
3801,0
5614,0
23372,0
19366,0
9517,0
9237,0
27580,0
841,0
26152,0
20193,0
22837,0
12564,0
6423,0
18247,0
8821,0
7547,0
4365,0
15875,0
20296,0
3458,0
17498,0
19803,0
17300,0
11056,0
19175,1
2305,0
26485,0
21182,0
20526,0
5896,0
9704,0
14281,0
27507,1
9887,0
1488,0
26066,0
23876,0
16476,0
13904,0
27488,0
19052,0
8187,0
4779,0
576,0
18553,0
26243,0
18205,0
18321,0
15165,0
14741,0
17507,0
14757,0
13263,0
2177,0
1835,0
23335,0
12572,0
15891,0
7861,0
6592,0
9414,0
14766,0
22888,0
24925,0
9826,0
12827,0
20511,0
19564,0
12284,1
6203,0
817,0
20781,0
2677,0
6790,0
6705,0
2392,0
17223,0
4373,0
18110,0
5728,0
8100,0
3576,0
9212,0
26696,0
4516,1
22500,1
2796,0
23341,0
23140,0
72,0
27293,0
10556,0
11144,0
23940,0
9804,0
1325,0
20057,0
4453,0
8781,0
12626,0
10631,0
8361,0
10285,0
23326,0
16240,0
22171,0
26728,0
17668,0
9353,0
25754,0
15014,0
26174,0
22686,1
13698,0
25550,0
1821,0
21479,0
15427,0
16650,0
8174,0
3497,0
10231,1
2725,0
18657,1
23152,0
12477,0
5086,0
20494,0
7806,0
15969,0
2609,0
6338,0
23470,1
10606,0
22810,0
15609,0
13325,1
3572,0
26031,0
9796,0
6747,0
12027,0
4487,0
17923,0
17555,0
16711,0
711,0
724,0
12082,0
8994,0
3434,0
21324,0
4462,0
11487,1
921,0
1394,1
4328,0
5059,0
24789,0
11070,0
7586,0
27622,0
580,0
13396,0
20801,0
16096,0
22512,0
15208,0
3672,0
18235,1
25358,0
17134,0
14951,0
4222,0
25874,0
25914,0
22156,0
1258,0
6515,0
13963,0
3633,0
5063,0
22817,0
8465,0
11342,0
14666,0
5900,0
22685,0
18837,0
18633,0
14236,0
19599,0
3171,0
20436,0
9284,0
18794,0
22068,0
18999,0
5846,0
837,0
16670,0
3887,0
19317,0
27652,0
18998,0
20952,0
20821,0
15308,0
6282,1
22889,0
1694,1
12630,0
6544,0
4005,0
23972,0
23677,1
19868,0
9995,0
2237,0
18842,0
8146,0
14913,0
20997,0
24297,1
13887,0
26037,0
12038,0
23579,0
8423,0
5721,0
11263,0
16870,0
19578,0
24495,0
17307,0
8406,0
19328,0
10670,0
6490,0
27502,1
25809,0
9027,0
2312,0
17775,0
25775,0
9568,0
13529,1
22107,0
15097,0
27407,0
27457,0
19793,1
13619,0
2018,0
12425,0
4842,0
25739,0
18065,0
15918,1
21928,0
4094,0
20007,0
22846,0
18756,0
12777,0
3531,0
27585,0
14707,0
12920,0
26453,0
11813,0
12687,0
12094,0
20100,0
20254,0
7870,0
1732,0
6930,0
7139,0
6973,0
13748,0
27065,0
9798,0
3894,0
8404,0
11687,0
12131,0
4934,0
21707,0
1458,0
26802,0
25375,0
20830,1
7921,0
15684,0
21498,0
23691,1
8607,0
5999,0
21059,0
7216,0
5792,1
24673,0
2301,0
7285,0
379,0
9093,0
3950,0
27306,0
18447,0
8611,0
18069,0
6051,0
4509,0
27013,0
7185,0
19138,0
21440,0
24014,0
399,0
18796,0
17552,0
2503,1
8059,0
25107,0
13847,0
24517,0
5371,0
10768,0
22782,0
12988,0
2422,0
467,0
11028,1
13810,0
14712,0
9384,1
22234,0
10887,0
27591,0
22292,0
7782,0
8623,0
24738,0
16339,0
407,0
8425,0
11997,0
17224,0
6687,0
17342,0
24206,0
16586,0
17319,0
177,1
8195,0
25067,0
12484,0
18373,0
10543,0
295,0
19696,0
12571,0
9635,0
17785,0
11509,0
9512,0
5244,0
13022,0
19502,0
8576,0
21227,0
6065,0
20993,0
11765,0
42,0
23048,0
3570,1
9383,0
21203,0
8289,0
4049,0
9392,1
8588,0
22053,0
13471,0
5811,0
20848,0
25259,0
12350,0
420,0
20554,0
17074,0
7958,0
19882,0
15055,0
13627,0
17502,0
12014,0
26858,0
17736,0
11869,0
2640,0
25549,0
10580,0
87,0
25483,0
13141,0
26198,0
23180,0
12729,0
16435,0
24221,0
2483,0
11436,1
25015,0
26280,0
19242,1
27500,0
6415,0
8349,0
21094,0
14687,0
16466,0
11919,0
23784,0
27695,0
26955,0
4074,0
10114,0
23689,0
10864,0
4356,0
9345,0
23601,0
11140,0
2381,0
6381,0
26612,0
9841,0
16254,0
110,0
5743,0
11476,0
6678,0
14902,0
6097,0
19075,0
5921,0
16270,0
13717,0
19813,0
5305,0
12256,0
12023,0
5617,0
24828,0
11876,0
8582,0
17185,0
17196,0
27759,0
3912,0
1430,0
2529,0
21418,0
10493,0
13959,0
6448,0
14529,0
7646,0
22936,0
2326,0
4921,0
20278,0
24984,0
3948,0
23993,0
8751,0
25374,0
471,0
16768,0
12525,1
27705,0
10483,0
18273,0
22099,0
3323,0
19078,0
26048,0
23744,0
26659,0
1162,0
10445,0
20856,0
7369,0
14460,0
3795,0
1219,0
4527,0
862,0
18022,0
10755,0
15387,0
10697,0
21695,0
25684,0
5352,0
5557,0
4411,0
10011,0
26337,0
20968,0
25281,1
18026,0
8148,0
26937,0
5874,0
20187,0
5303,0
6586,0
8641,0
286,0
5356,0
12619,0
7584,0
6846,0
23684,0
23628,0
21132,0
293,0
3593,0
17440,0
23656,0
14872,0
915,0
2728,0
27565,0
18946,0
11433,0
26101,0
21756,0
5800,0
5416,0
19495,0
8813,0
13967,0
9008,0
12795,0
16202,1
11474,0
15626,0
6987,0
8826,0
21863,0
17239,0
16425,0
10462,0
12359,0
8127,1
26918,1
17818,0
6507,0
27068,0
116,0
14964,0
8088,0
12868,0
2935,0
16815,1
26980,0
15695,0
27322,0
18267,0
19990,1
17088,0
17499,0
8642,0
2066,0
16689,0
1071,0
15964,0
20365,0
1720,0
9811,0
27608,0
26781,0
21441,0
1237,0
22123,0
10138,1
9729,0
20346,0
14937,0
19349,0
25518,0
3878,0
17609,0
8233,0
20413,0
19922,0
16903,0
2578,0
12623,0
20352,0
1123,1
4518,0
9195,0
2223,0
9685,0
25378,0
18094,1
13582,0
26100,0
20575,0
1479,0
24580,0
22484,0
22965,0
6036,0
3372,1
90,0
12110,0
422,1
26735,0
25290,0
20152,0
12304,0
20780,0
9530,0
8897,0
24914,0
25011,0
12230,0
22231,0
13649,0
5314,0
23227,0
16153,0
9792,0
26958,0
23646,0
21262,0
2993,0
10191,0
4166,0
25486,0
11900,0
25019,0
19825,0
10630,0
19664,0
13332,0
7153,0
21019,0
10373,0
19314,0
21497,0
12457,0
12143,0
25516,0
8396,0
6143,0
21147,0
11921,0
5848,0
5527,0
3405,0
1570,0
19842,0
14112,0
11399,0
4113,0
5326,0
16215,0
23773,0
2470,0
7163,0
25858,0
12898,0
3481,0
1357,0
7825,0
18014,0
10733,0
9939,0
4743,1
9918,0
3354,0
1321,0
7714,0
10122,0
24735,0
3485,0
26791,0
1905,0
4007,0
2138,0
12215,0
10727,0
9070,1
16233,0
1671,0
7911,0
3721,0
7608,0
18744,0
15046,0
6409,1
2778,0
4154,0
20189,0
15841,0
24582,0
11941,0
22608,0
8114,0
18216,0
17423,0
6394,0
1793,0
21686,0
8453,0
15987,0
4192,0
4548,0
13298,0
1305,0
24167,0
891,0
1838,0
4193,0
15778,0
832,0
387,0
21145,0
1358,0
20237,0
12066,0
7592,0
2448,0
9033,0
14251,0
18637,0
17259,0
7307,0
13640,0
12139,0
25408,1
15575,0
4446,0
22284,0
5364,0
18722,0
21680,0
14465,0
4539,0
140,0
17126,0
18732,0
9897,0
14366,1
19862,0
14525,0
13826,0
3376,0
1372,0
2753,0
27083,0
11798,0
3335,0
4456,0
4609,0
19125,0
14046,0
18191,0
24094,0
27468,1
7143,0
12585,0
16238,0
14587,0
16022,0
15039,0
26688,0
16778,0
7985,0
10296,0
17735,0
24007,0
11778,0
25604,0
10316,0
26769,0
9527,0
11818,0
22206,0
26497,0
2906,0
6092,0
19887,0
5277,0
14428,1
6993,0
5168,0
6497,0
12860,0
9419,0
9266,0
4325,0
2506,0
18989,0
517,0
1705,0
24670,0
8668,0
7872,0
22898,0
24905,0
10562,0
13501,0
24291,0
7473,0
8290,1
3493,0
1314,0
24096,0
2777,0
1112,0
4904,0
553,0
5112,0
14532,0
9478,0
23818,0
10515,0
15057,0
26458,1
20034,0
3156,0
623,1
15760,0
20030,0
10726,0
21601,0
4829,1
24246,0
14800,0
3772,0
23488,0
17808,0
1335,0
2872,0
22873,0
10337,0
25112,0
6775,1
14558,0
16437,1
13420,0
1991,0
17023,0
20018,0
27245,0
16367,0
21880,0
8935,0
5170,0
25813,0
24191,0
16431,0
5484,0
1101,0
12509,0
2948,0
4441,1
2680,0
15558,0
1957,0
12989,0
6013,0
17946,0
6729,0
24908,0
5182,0
6231,0
3886,0
3528,0
3025,0
20894,0
24207,0
5917,1
2699,0
3337,0
5916,0
9002,0
11430,1
10422,0
13852,0
4126,0
3011,0
225,1
26142,0
2354,0
15655,0
6407,0
27325,0
18548,0
16010,0
25481,0
24784,0
26502,0
3803,0
16468,0
2794,0
21759,0
10460,0
16349,0
9816,0
592,0
11505,0
23004,0
1146,0
26818,0
15426,0
26254,0
3965,0
18337,0
17671,0
6844,0
10008,0
6878,1
13957,0
16942,0
13114,0
20403,0
3415,0
24746,0
169,0
21890,0
21899,0
25218,0
5985,0
27041,0
5253,0
18846,0
15643,0
11726,0
15746,0
18682,0
2455,0
4808,1
11321,0
137,0
5129,0
20444,0
10810,0
15644,0
1029,0
11503,0
21465,0
7048,0
5459,0
3852,0
9561,0
26550,1
15980,0
15607,0
18086,1
20177,0
6864,0
13483,0
13181,0
17511,0
10321,0
27767,0
16551,0
18970,0
17108,0
20437,0
10575,0
16206,0
12976,0
746,0
25973,0
21660,0
6181,0
1794,0
22923,0
3669,0
1333,0
9645,0
17379,0
8103,0
1776,0
19750,0
4629,0
12565,0
7717,0
8909,0
21815,0
15970,0
20289,0
381,0
11583,0
23520,0
2162,0
18087,0
477,0
15974,0
17433,0
10004,0
27428,1
7615,0
21619,0
3824,0
14250,0
1586,0
8198,0
8039,1
2743,0
25855,0
19602,0
22081,0
16947,0
22728,0
13197,0
11626,0
3569,1
6537,0
22935,0
10507,0
6315,0
15170,0
13126,0
18484,0
12011,0
22048,0
888,0
8441,0
22337,0
7649,0
8858,0
6653,0
15245,0
1157,0
15561,0
7270,0
4935,0
22945,0
22441,0
7551,0
21637,1
15660,0
15110,0
12965,0
18738,0
26093,0
3143,0
1241,0
14684,0
8854,0
27292,0
27659,0
12739,0
24316,0
13695,0
558,0
7496,0
11841,0
22316,0
17403,0
12723,0
3682,0
8086,0
17925,0
13173,0
26164,0
2185,0
1455,0
21516,0
13966,0
4333,0
4601,0
14183,0
17436,0
23224,0
8268,0
1836,0
24439,0
22096,0
21043,0
26797,0
15894,0
14585,0
7537,0
25109,0
535,0
26028,0
27023,0
10221,0
17283,0
20653,0
17229,0
6348,0
14219,0
9987,0
25413,0
15718,0
14443,1
20381,1
20663,1
21676,0
17542,0
1277,0
13899,0
1670,0
23638,0
22769,0
21374,0
361,0
9217,0
14073,0
12481,1
3870,0
14186,0
6577,0
25356,0
10669,0
1264,0
3024,0
21879,0
13625,1
13604,1
9349,1
18082,1
2705,0
11868,0
14103,0
26793,0
10030,0
19569,0
460,0
25392,0
27811,0
6959,0
25688,0
6932,0
18960,0
24479,0
21843,0
26776,0
10239,0
2626,0
2938,0
8679,0
10914,0
10824,1
6068,0
3245,1
15773,0
9970,0
19634,0
15041,0
9092,0
2279,0
24475,0
23290,0
3903,0
23754,0
2134,1
25940,0
3104,0
26944,0
27764,0
1647,1
18013,0
13764,0
25271,0
25530,0
24847,1
11160,0
128,0
11597,0
8022,1
20887,0
19400,0
25960,0
2669,1
26821,0
17462,0
24882,0
23707,0
17978,0
10059,0
20136,0
11227,0
13850,0
5151,0
23607,0
20201,0
15181,0
3544,0
19689,0
7097,0
23339,0
22563,0
12887,0
3187,0
8550,1
2184,0
3487,0
5945,0
19192,0
24472,0
4073,0
6162,0
21398,1
6242,0
24252,0
2045,0
15618,0
17792,0
18027,0
5833,0
4770,0
16470,0
20889,1
9409,0
15324,0
27631,0
6053,1
12148,0
14848,0
15296,0
24531,0
22722,1
19294,0
3091,0
21114,0
17526,0
10130,0
17204,0
2178,0
3331,0
15203,0
2783,0
6100,0
11524,1
18319,1
14194,0
16302,0
25637,1
5376,0
23717,1
7654,0
16483,0
19450,0
18361,0
11480,1
4909,0
27478,0
5412,0
27033,0
16132,0
22349,0
19592,0
4230,0
26295,0
7019,0
13797,0
19489,0
20917,0
11269,0
27531,0
17531,0
27116,0
5992,0
1579,0
26985,0
2968,0
13888,0
19714,0
12788,0
967,0
5547,0
11488,0
21088,1
21123,0
23376,0
12747,0
1691,0
5293,0
23830,0
11418,0
658,0
17202,0
18856,0
21579,0
4545,0
27546,0
9037,0
4012,0
23444,0
10549,1
549,0
14765,0
13677,0
7134,0
3131,0
13756,0
6626,0
7513,0
12235,0
26701,0
24057,0
12669,1
10052,0
8903,0
24940,1
19575,0
10992,0
10378,1
6532,0
24846,0
16046,0
2167,0
6345,0
21320,0
18972,0
24785,0
12432,0
27648,0
27283,0
17843,0
2624,1
22230,0
25795,0
21938,0
18409,0
8603,0
24780,1
23307,0
22326,0
21753,0
20428,0
5207,0
21618,0
10325,0
6969,0
20164,0
19264,0
24600,0
8654,0
10242,0
12333,0
14947,0
23619,0
16171,0
12102,0
4496,0
4307,1
3520,0
19617,0
24532,0
23907,0
13701,0
22262,0
2078,0
13251,0
8468,0
2183,0
14729,0
21276,0
2522,0
14836,0
7476,0
22647,0
7740,0
13474,0
14812,0
9050,0
19615,0
1222,0
21340,0
21657,0
24684,0
2154,0
7259,0
27080,0
2298,1
27170,0
8977,0
8350,0
14632,0
24231,0
23170,0
17769,0
21039,0
13010,0
8899,0
6728,0
23006,0
16308,0
12292,0
9870,0
9724,1
205,0
9026,0
14968,0
19936,0
24615,0
21912,0
3538,0
12943,0
13980,1
16228,0
958,0
5701,0
19679,0
1005,0
20359,0
12643,0
23103,0
17180,0
2771,0
109,0
6800,0
20261,0
27779,0
19704,0
22492,0
13257,0
22694,0
11807,0
22825,0
8109,0
2339,0
9508,0
17995,0
12362,0
16568,0
9332,0
9498,0
4197,0
26221,0
8117,0
14989,0
4045,0
22781,0
16503,0
8066,0
23050,0
10429,0
12667,0
25944,0
20072,0
15755,0
1476,0
27269,0
5748,0
9264,0
17926,0
4731,0
21292,0
22103,0
10039,0
50,0
22867,0
27717,0
13249,0
1686,0
16045,1
4398,0
7413,0
21023,0
16197,1
8182,0
22604,1
17614,0
18399,0
22062,0
5404,0
25391,0
16636,0
12374,0
3198,0
5254,0
4224,0
20763,0
8715,1
22221,0
24008,0
25877,0
9012,0
25666,0
4828,0
18969,0
5027,0
19143,0
12387,0
16255,0
8583,0
11771,0
24729,0
25758,0
22225,0
20451,0
12536,0
26869,0
15513,1
22196,0
20299,0
7110,0
1223,0
24741,1
3625,0
13702,0
16108,0
9785,0
14699,0
27671,0
16660,0
930,0
16827,0
13812,0
20424,0
6002,0
16519,0
14524,0
982,0
5023,0
8546,0
11006,0
24575,0
9537,0
3785,0
27323,1
4752,0
18894,0
27180,0
8898,0
9844,0
9656,0
12767,0
17388,0
10545,0
16130,0
13989,0
21092,0
8395,0
10798,0
16418,0
15685,0
25831,0
16780,0
10533,1
16703,0
26044,0
15256,0
4671,0
25669,1
49,0
19298,0
24880,0
20483,0
24639,0
26920,0
21197,0
14224,0
13950,0
9586,0
8411,0
16791,0
11175,0
19140,0
17597,0
4323,0
20704,0
25103,0
23130,0
11082,0
23976,0
9749,0
9338,0
12932,0
25210,0
22847,0
9861,0
7660,0
24164,0
11651,0
20179,0
5948,0
22621,0
22037,0
13691,1
8951,0
9925,0
22795,0
16189,0
5885,0
1697,0
14065,0
5751,0
26512,0
8220,0
12709,0
18523,0
12733,0
1989,0
18804,1
20709,0
23306,0
2439,0
26951,0
21970,0
3379,0
17621,0
13487,0
17235,0
3934,0
11320,0
2039,0
2360,0
10600,0
5567,0
1964,0
8657,0
5015,0
12136,0
14041,0
6669,0
8799,0
16278,0
24515,0
11335,0
14795,0
5288,0
2452,0
23162,0
12655,0
6936,0
11275,0
21378,0
22348,0
15108,0
27182,0
13734,0
13631,0
26083,0
7775,0
14944,0
27560,0
5064,0
13048,0
19993,0
2046,0
10012,0
6327,0
27148,0
8456,0
19644,0
14488,0
6123,0
15060,0
26012,0
9623,0
27177,0
4116,0
10868,0
5031,0
11389,0
13069,0
14331,0
10607,0
22080,0
19669,0
7383,0
21764,0
15786,0
23583,0
3680,0
9010,0
11238,0
2089,0
7683,0
14432,0
6015,0
21530,0
6647,0
13339,0
17225,0
8239,0
21454,0
5176,0
19789,1
6590,0
22564,1
27604,0
3655,0
17624,0
16361,1
9602,0
26763,0
3975,0
8388,0
1119,0
6386,0
14928,0
15813,0
15853,0
20329,0
23766,0
10240,0
20785,0
15026,0
19340,0
11456,0
22294,0
27689,1
16714,0
23577,0
21948,0
21024,0
7167,0
22039,0
21512,0
5837,1
26668,0
4464,0
21808,0
14012,0
285,0
21078,0
12499,0
22819,1
17422,0
8116,0
6230,0
19500,0
24752,0
9754,0
23699,0
26310,0
3048,0
14370,1
22600,0
19438,0
4046,0
24743,0
1918,0
1736,0
1979,0
19101,0
2067,0
17145,0
22129,0
19674,0
10076,0
17246,0
21000,0
4445,0
5893,0
27559,0
13578,0
3061,0
1156,0
26822,0
21557,0
4691,0
21107,0
20909,0
26514,0
23924,0
2919,0
20632,0
1693,0
16600,0
20401,0
2732,0
3624,0
14205,0
21830,0
8878,0
25106,0
8541,0
25513,0
12259,0
3755,0
25643,0
21973,0
6755,0
7300,0
24065,0
5970,0
5230,1
16200,0
4021,0
11809,0
20265,0
7028,0
26367,0
14860,0
26075,0
17922,0
20580,0
26636,0
9495,0
7593,0
26389,0
9893,0
18402,1
25900,0
1373,1
7695,0
24350,0
8126,0
14070,0
16798,0
10936,1
10919,0
18132,0
426,1
19721,0
22381,0
19364,0
23273,0
339,0
3480,0
20497,0
18940,0
723,0
8833,0
9412,0
13475,0
21449,0
12789,0
3649,0
21270,0
2959,0
129,0
3663,0
18772,0
12376,1
5350,0
16760,0
26238,0
3194,0
21248,0
24005,1
11899,0
17005,0
1235,0
3403,0
20892,0
25515,0
3269,0
24552,0
11974,0
1442,0
6485,0
5022,0
19193,0
23816,0
22553,0
9818,1
13938,0
27479,0
11376,0
24907,0
6286,0
608,0
25647,0
675,0
19,0
20747,0
23836,0
17744,0
20275,0
1643,0
25049,0
16853,0
26950,0
2487,0
15410,0
15258,0
11960,0
7387,0
26466,0
18495,0
7115,0
12422,0
20386,0
24686,0
18183,0
26351,1
10158,0
13768,0
19316,0
3800,0
6900,0
7700,0
1649,0
20342,0
26938,0
16030,0
7648,0
19284,0
8506,0
1983,0
20097,0
26560,0
13552,0
1540,0
9272,0
24995,0
15395,0
8849,1
19429,0
751,0
9514,0
25073,0
27426,1
25507,0
20833,0
10359,0
14931,0
23588,0
23634,0
2086,0
16883,0
11727,0
16834,0
15279,1
20199,0
19931,0
15589,0
18898,0
19976,0
2364,0
47,0
11198,0
16444,0
27376,0
14756,0
15789,0
2758,0
21505,0
15550,0
3289,1
27666,0
4755,0
24522,0
26255,0
18127,0
23239,0
21536,0
26635,0
23104,1
17525,0
11309,0
1871,0
18270,0
15657,0
418,0
1213,1
25895,1
13468,0
7160,0
2499,0
20282,0
20197,0
10108,0
24943,0
15621,0
15959,0
2912,0
22330,0
6369,0
1038,0
7931,0
25226,0
27278,0
19851,0
20966,0
21437,0
10505,1
27411,0
5736,0
18491,0
22205,0
17682,0
8883,0
25095,0
21701,0
21112,0
27520,0
15914,0
22801,0
241,0
18848,0
23475,0
26414,0
24509,0
18001,0
1952,0
6257,0
1594,0
15142,0
1984,0
18703,0
21711,0
1042,0
17962,0
19370,0
1783,1
62,0
0,0
12151,1
3462,0
24757,0
10981,0
21845,0
2144,1
22416,0
5852,0
3665,0
15521,0
14911,0
13554,0
22725,0
2271,0
14927,1
3038,1
16900,0
25124,0
24753,0
27536,0
11290,0
23211,0
23585,0
21075,0
6543,1
7524,0
21993,0
9757,1
1941,0
11074,0
8327,0
3449,0
24188,0
12167,0
23448,0
24312,0
12627,0
11021,0
11642,0
16614,0
10711,0
4526,0
13572,0
413,0
18973,1
9367,1
13075,0
16792,0
3954,0
11940,0
25905,0
8464,0
7385,0
27674,0
27713,0
27172,0
21659,0
24586,0
12644,0
21289,0
26356,0
13238,0
25786,0
16073,0
5321,0
13634,0
7915,0
11782,0
14364,0
1523,0
24543,0
17090,0
18475,0
13059,1
15030,0
2634,0
21586,0
20798,0
26712,0
9605,0
1130,0
20510,0
23378,0
1416,0
5849,0
14221,0
1621,0
22071,0
1840,0
13670,0
7177,0
12343,0
23999,0
25627,0
11288,0
1486,0
13538,0
23722,0
22505,0
1238,0
23025,0
9909,0
6109,0
20531,0
6063,0
12950,0
20035,0
21828,0
16071,0
24097,0
13548,0
9016,0
9150,0
16373,0
23403,0
8614,0
15937,0
13741,0
6967,0
21724,0
10952,0
15396,0
14323,1
25039,0
8675,0
16908,1
1315,0
25063,0
18560,0
6076,0
17256,0
4941,0
6467,0
15526,0
8330,0
9560,0
26246,0
6243,0
8306,0
5003,0
25729,0
7101,0
24886,0
26336,0
23799,0
11828,0
23456,0
25961,0
20623,0
12624,0
25644,0
13297,0
14653,0
27110,0
13996,0
11710,1
21445,0
6105,1
20754,0
18092,0
7735,1
2802,0
24225,0
15348,1
20326,0
2054,0
25237,0
13360,0
24790,0
16277,0
9601,0
1270,0
23745,0
4852,0
9883,0
9820,0
26565,0
9863,0
7914,0
8748,0
15109,0
24782,0
10404,0
24974,0
11359,0
3787,0
19883,0
6832,1
4741,0
17527,0
9400,0
16744,0
11265,0
27348,0
24952,0
14493,0
9282,0
3120,0
6436,0
26510,0
26465,1
9725,1
26482,0
22025,0
4999,0
22959,1
2614,0
2636,0
23575,0
21338,0
7677,0
5438,1
5990,0
17776,0
16706,0
26737,0
16847,0
19961,0
9973,0
9740,0
2211,0
20734,0
20720,0
25770,0
1293,0
10953,0
4896,0
12081,0
7409,0
17801,0
5166,0
13236,0
24501,0
11444,0
24322,0
20284,0
11495,0
1767,0
8773,0
5279,0
5960,1
11753,0
16680,0
18966,0
16416,0
15955,0
16902,0
5250,0
7616,0
22453,0
17013,1
14657,0
13835,0
17431,0
10784,0
6444,0
13480,0
1002,0
21096,1
26562,0
21609,0
15289,0
11253,0
6723,0
25079,0
25159,0
20105,0
18034,0
12245,0
9578,0
14299,0
19791,0
21907,0
21555,0
13729,0
16712,0
20303,0
5933,0
2953,0
14816,0
16384,0
6956,0
2737,0
15112,0
25002,0
21580,0
24709,0
18035,0
2857,0
4436,0
5106,0
25763,0
7459,1
18466,0
21821,0
10034,0
8129,0
9351,0
23865,0
23896,0
12320,0
22979,0
4625,0
18928,0
18831,0
3545,1
11840,0
18700,0
25008,0
26721,0
10436,0
17865,0
12810,1
27663,0
19518,0
6132,0
27556,0
2821,0
2021,0
19473,0
12530,0
20774,0
13985,0
6098,0
10331,0
2556,0
21873,0
14667,1
25463,0
3344,0
23902,0
17956,0
181,0
17365,1
21381,0
25885,0
1853,0
15446,0
13693,0
26887,0
21184,0
1250,0
20157,0
16953,0
8818,0
10069,0
3966,0
7980,0
26267,0
10118,0
7141,0
4983,1
25521,0
8081,0
22990,0
25363,0
5234,0
3656,0
10658,0
13037,1
19207,0
13028,0
18248,0
677,0
8985,0
5091,0
6496,0
22380,0
19227,0
27298,0
22115,0
25108,0
7014,1
4930,0
27430,0
20751,0
15005,0
15099,0
8564,0
248,0
8962,0
23240,1
13696,1
24215,0
3999,0
14091,0
15382,0
17652,0
20985,0
4980,0
14233,0
10969,0
2241,0
4310,0
13137,0
2589,0
10986,0
23611,0
24281,0
5146,0
22994,0
6298,0
23503,0
18638,1
26041,0
12086,0
25323,1
20650,0
25677,0
10863,1
23801,0
22743,0
27309,0
22485,0
12679,0
9231,0
5566,0
24041,0
12431,0
21997,1
19301,0
17467,0
22597,0
10120,0
9864,0
10287,0
3857,0
27048,0
11808,0
20334,0
3477,0
1010,0
5363,0
20858,0
21218,0
8568,0
6311,0
23356,0
25366,0
15063,1
17612,0
934,0
18968,0
21377,0
25963,0
7197,0
23098,0
19920,0
1343,0
12090,0
8551,0
12796,0
12555,0
25556,0
27419,0
26739,1
1148,0
2954,0
10243,0
10246,1
18541,0
470,0
17406,0
24239,0
21648,0
20396,0
26710,0
19545,1
6006,0
13613,0
26354,0
25586,0
14703,0
25575,1
18879,0
23716,0
20860,0
9360,0
8586,0
16632,0
21410,0
15962,0
26189,0
18833,0
24867,0
13349,1
9545,0
176,0
22320,0
7275,0
13340,0
1623,0
1236,0
6335,0
2234,0
5152,0
15885,0
18864,0
27405,0
17559,0
2394,0
15687,0
15004,0
5918,0
11976,0
17963,0
2436,0
20154,0
19966,0
12506,0
18423,0
3746,0
9871,0
10666,1
7772,0
1327,0
6613,0
7796,0
5735,0
26172,1
3276,0
2746,0
16007,0
8294,0
8083,0
23031,0
9853,0
21108,0
17314,0
14941,0
17786,0
8011,1
3865,0
17753,0
9886,0
11365,0
15680,0
22378,0
17959,0
15467,0
268,0
518,0
7159,0
14001,0
21065,0
6360,0
19088,0
10199,0
2358,0
6023,0
7342,0
15570,0
14869,0
24476,0
937,0
20269,0
10461,0
3459,0
14344,0
17476,0
4965,1
17999,0
2774,0
267,0
16957,0
3119,0
8420,0
1210,0
1085,0
20363,0
740,0
9595,0
6218,0
8852,0
3036,0
13064,0
12691,0
18262,0
20206,0
18684,0
1769,1
11091,0
3708,0
14727,1
13506,0
16036,0
7626,0
18629,0
18669,0
15648,0
3562,1
6659,0
130,0
15879,0
3220,0
4880,0
4918,1
1176,0
5582,0
24584,0
1825,0
17120,0
13486,0
15283,0
160,1
18671,0
18976,0
19458,0
14918,0
18924,0
1707,0
2216,0
6329,0
2995,0
25222,0
398,1
11850,0
12063,0
16841,0
14371,0
11562,0
15293,0
6713,0
3940,0
17574,0
19058,0
27341,0
12968,0
15429,0
22272,1
17385,0
5943,0
12344,0
14173,0
14206,0
9085,0
449,0
15391,0
25972,0
16582,0
15724,0
22093,0
19772,0
19683,0
22097,0
8727,0
18068,0
6606,0
27319,0
6521,0
24728,0
366,0
7807,1
15214,0
7559,0
26855,0
20402,0
27345,0
1890,0
5134,1
5203,0
26567,0
5966,0
22954,1
14710,0
7583,1
24396,0
1688,0
6673,0
15967,0
4292,0
4614,1
19701,0
21343,0
7149,0
19137,0
12526,0
24767,0
24750,0
4822,0
23148,0
22891,0
454,1
10215,1
25339,0
6958,0
164,0
6740,0
182,0
23981,0
13408,0
12542,0
3183,0
27014,0
8291,0
14934,0
13544,0
3742,0
6356,0
10663,0
27673,0
18413,0
7862,0
4787,0
7087,0
9899,0
254,0
25394,0
20325,1
4474,0
17215,0
10611,0
16494,0
12922,0
16735,0
20915,0
8766,0
933,0
17238,1
12584,0
23336,0
13783,0
27615,0
19530,0
10201,0
21599,0
13499,0
5642,0
17950,0
19254,0
11066,0
8262,0
1037,0
27063,0
23054,0
4848,0
5996,0
18956,1
3357,0
4415,0
15314,0
3179,0
11605,0
952,0
19346,1
3347,0
7920,0
5000,0
21781,0
16011,0
20576,0
21569,0
16867,0
14640,0
16457,0
14064,0
15986,0
19823,0
16573,0
12033,0
8685,0
25654,0
9039,0
26413,0
